nombre,categoria,direccion,telefono,web,rating,num_reseñas,estado_horario,url_maps,latitud,longitud,busqueda,tiene_web
Clínica Doria,Dentista,"C. de Recoletos, 10, Salamanca, 28001 Madrid",914 35 07 14,clinicadoria.es,"4,8",88,Cerrado,"https://www.google.com/maps/place/Cl%C3%ADnica+Doria/@40.4278147,-3.6903717,15z/data=!4m10!1m2!2m1!1scl%C3%ADnicas+dentales+en+Madrid!3m6!1s0xd42289a58abf391:0x855689e0b0931044!8m2!3d40.421877!4d-3.6902756!15sChxjbMOtbmljYXMgZGVudGFsZXMgZW4gTWFkcmlkWh4iHGNsw61uaWNhcyBkZW50YWxlcyBlbiBtYWRyaWSSAQdkZW50aXN0mgEjQ2haRFNVaE5NRzluUzBWSlEwRm5TVU53T1U1MWVtRlJFQUXgAQD6AQQIABBI!16s%2Fg%2F1hc757pck?entry=ttu&g_ep=EgoyMDI2MDQxMi4wIKXMDSoASAFQAw%3D%3D",40.4278147,-3.6903717,clínicas dentales en Madrid,Sí
Clínica Doria,Dentista,"C. de Recoletos, 10, Salamanca, 28001 Madrid",914 35 07 14,clinicadoria.es,"4,8",88,Cerrado,"https://www.google.com/maps/place/Cl%C3%ADnica+Doria/@40.421877,-3.7083,15z/data=!4m10!1m2!2m1!1scl%C3%ADnicas+dentales+en+Madrid!3m6!1s0xd42289a58abf391:0x855689e0b0931044!8m2!3d40.421877!4d-3.6902756!15sChxjbMOtbmljYXMgZGVudGFsZXMgZW4gTWFkcmlkWh4iHGNsw61uaWNhcyBkZW50YWxlcyBlbiBtYWRyaWSSAQdkZW50aXN0mgEjQ2haRFNVaE5NRzluUzBWSlEwRm5TVU53T1U1MWVtRlJFQUXgAQD6AQQIABBI!16s%2Fg%2F1hc757pck?entry=ttu&g_ep=EgoyMDI2MDQxMi4wIKXMDSoASAFQAw%3D%3D",40.421877,-3.7083,clínicas dentales en Madrid,Sí
Clínica Dental Puerta de Alcalá Madrid,Dentista,"Pl. de la Independencia, 9, bajo derecha, Retiro, 28001 Madrid",915 32 69 02,puertadealcalaclinicadental.com,"4,9",402,Cerrado,"https://www.google.com/maps/place/Cl%C3%ADnica+Dental+Puerta+de+Alcal%C3%A1+Madrid/@40.421877,-3.7083,15z/data=!4m10!1m2!2m1!1scl%C3%ADnicas+dentales+en+Madrid!3m6!1s0xd42289b94087baf:0xfc712c368f4811cc!8m2!3d40.4193747!4d-3.6892241!15sChxjbMOtbmljYXMgZGVudGFsZXMgZW4gTWFkcmlkWh4iHGNsw61uaWNhcyBkZW50YWxlcyBlbiBtYWRyaWSSAQdkZW50aXN0mgEkQ2hkRFNVaE5NRzluUzBWSlEwRm5TVVJDZVhCcGVYVm5SUkFC4AEA-gEECDQQPw!16s%2Fg%2F11bydjzxs1?entry=ttu&g_ep=EgoyMDI2MDQxMi4wIKXMDSoASAFQAw%3D%3D",40.421877,-3.7083,clínicas dentales en Madrid,Sí
Clínica Dental Puerta de Alcalá Madrid,Dentista,"Pl. de la Independencia, 9, bajo derecha, Retiro, 28001 Madrid",915 32 69 02,puertadealcalaclinicadental.com,"4,9",402,Cerrado,"https://www.google.com/maps/place/Cl%C3%ADnica+Dental+San+Bartolom%C3%A9+18/@40.421877,-3.7083,15z/data=!3m1!5s0xd4228860ce9eeff:0xf5d58c0f045d233c!4m10!1m2!2m1!1scl%C3%ADnicas+dentales+en+Madrid!3m6!1s0xd4228860d49ab7f:0xc82776f41c009341!8m2!3d40.4220672!4d-3.698337!15sChxjbMOtbmljYXMgZGVudGFsZXMgZW4gTWFkcmlkWh4iHGNsw61uaWNhcyBkZW50YWxlcyBlbiBtYWRyaWSSAQ1kZW50YWxfY2xpbmljmgEkQ2hkRFNVaE5NRzluUzBWSlEwRm5TVU5FYURSNWNqZFJSUkFC4AEA-gEECCkQSg!16s%2Fg%2F11g_h7fcl?entry=ttu&g_ep=EgoyMDI2MDQxMi4wIKXMDSoASAFQAw%3D%3D",40.421877,-3.7083,clínicas dentales en Madrid,Sí
Clínica Dental Doctores Hurtado,Dentista,"C. de San Marcos, 37, Centro, 28004 Madrid",915 22 69 33,,"4,6",37,Cerrado,"https://www.google.com/maps/place/Cl%C3%ADnica+Dental+Doctores+Hurtado/@40.421877,-3.7083,15z/data=!4m10!1m2!2m1!1scl%C3%ADnicas+dentales+en+Madrid!3m6!1s0xd422885daae918b:0xcda4d8553117d0cd!8m2!3d40.4212509!4d-3.6971865!15sChxjbMOtbmljYXMgZGVudGFsZXMgZW4gTWFkcmlkWh4iHGNsw61uaWNhcyBkZW50YWxlcyBlbiBtYWRyaWSSAQdkZW50aXN0mgEkQ2hkRFNVaE5NRzluUzBWSlEwRm5TVU5TZEhWbExUQjNSUkFC4AEA-gEFCK0BECs!16s%2Fg%2F1xtf2whb?entry=ttu&g_ep=EgoyMDI2MDQxMi4wIKXMDSoASAFQAw%3D%3D",40.421877,-3.7083,clínicas dentales en Madrid,No
CENTRO DENTAL SMILING,Clínica dental,"C/ de Hortaleza, 70, Centro, 28004 Madrid",675 82 78 52,clinicasmiling.com,"4,8",193,Cerrado,"https://www.google.com/maps/place/CENTRO+DENTAL+SMILING/@40.4231504,-3.7169747,15z/data=!4m10!1m2!2m1!1scl%C3%ADnicas+dentales+en+Madrid!3m6!1s0xd4228861fa29279:0xf1570ab6b6206e35!8m2!3d40.4231504!4d-3.6989503!15sChxjbMOtbmljYXMgZGVudGFsZXMgZW4gTWFkcmlkWh4iHGNsw61uaWNhcyBkZW50YWxlcyBlbiBtYWRyaWSSAQ1kZW50YWxfY2xpbmljmgEjQ2haRFNVaE5NRzluUzBWSlEwRm5TVVIxYVRsdU1GbEJFQUXgAQD6AQQIABBE!16s%2Fg%2F1tg36jh4?entry=ttu&g_ep=EgoyMDI2MDQxMi4wIKXMDSoASAFQAw%3D%3D",40.4231504,-3.7169747,clínicas dentales en Madrid,Sí
Clínica Dental We,Dentista,"Calle del Clavel, 6, Centro, 28004 Madrid",608 15 75 80,granviaclinicadental.es,"4,8",82,Cerrado,"https://www.google.com/maps/place/Cl%C3%ADnica+Dental+We/@40.4231504,-3.7169747,15z/data=!4m10!1m2!2m1!1scl%C3%ADnicas+dentales+en+Madrid!3m6!1s0xd422886f3f31359:0x332c57aa7d2ba6bd!8m2!3d40.4203005!4d-3.69933!15sChxjbMOtbmljYXMgZGVudGFsZXMgZW4gTWFkcmlkWh4iHGNsw61uaWNhcyBkZW50YWxlcyBlbiBtYWRyaWSSAQdkZW50aXN0mgEkQ2hkRFNVaE5NRzluUzBWSlEwRm5TVU5xT1dacWJuUkJSUkFC4AEA-gEFCKEBEDA!16s%2Fg%2F1z44b1zq0?entry=ttu&g_ep=EgoyMDI2MDQxMi4wIKXMDSoASAFQAw%3D%3D",40.4231504,-3.7169747,clínicas dentales en Madrid,Sí
Clínica dental MAEX Cristina Viyuela Zurbano,Clínica dental,"Calle de Zurbano, 4, Chamberí, 28010 Madrid",912 77 59 29,maexdental.com,"4,8",90,Cerrado,"https://www.google.com/maps/place/Cl%C3%ADnica+dental+MAEX+Cristina+Viyuela+Zurbano/@40.4231504,-3.7169747,15z/data=!4m10!1m2!2m1!1scl%C3%ADnicas+dentales+en+Madrid!3m6!1s0xd42288e3e128933:0xf3165280f8ae4b89!8m2!3d40.427224!4d-3.693536!15sChxjbMOtbmljYXMgZGVudGFsZXMgZW4gTWFkcmlkWh4iHGNsw61uaWNhcyBkZW50YWxlcyBlbiBtYWRyaWSSAQ1kZW50YWxfY2xpbmljmgEkQ2hkRFNVaE5NRzluUzBWSlEwRm5TVU5RYnpjdFV6WlJSUkFC4AEA-gEECAAQSA!16s%2Fg%2F11b6x6tzst?entry=ttu&g_ep=EgoyMDI2MDQxMi4wIKXMDSoASAFQAw%3D%3D",40.4231504,-3.7169747,clínicas dentales en Madrid,Sí
Clínica dental MAEX Cristina Viyuela Zurbano,Clínica dental,"Calle de Zurbano, 4, Chamberí, 28010 Madrid",912 77 59 29,maexdental.com,"4,8",90,Cerrado,"https://www.google.com/maps/place/Cl%C3%ADnica+dental+MAEX+Cristina+Viyuela+Zurbano/@40.4231504,-3.7169747,15z/data=!4m10!1m2!2m1!1scl%C3%ADnicas+dentales+en+Madrid!3m6!1s0xd42288e3e128933:0xf3165280f8ae4b89!8m2!3d40.427224!4d-3.693536!15sChxjbMOtbmljYXMgZGVudGFsZXMgZW4gTWFkcmlkWh4iHGNsw61uaWNhcyBkZW50YWxlcyBlbiBtYWRyaWSSAQ1kZW50YWxfY2xpbmljmgEkQ2hkRFNVaE5NRzluUzBWSlEwRm5TVU5RYnpjdFV6WlJSUkFC4AEA-gEECAAQSA!16s%2Fg%2F11b6x6tzst?entry=ttu&g_ep=EgoyMDI2MDQxMi4wIKXMDSoASAFQAw%3D%3D",40.4231504,-3.7169747,clínicas dentales en Madrid,Sí
Clínica dental MAEX Cristina Viyuela Zurbano,Clínica dental,"Calle de Zurbano, 4, Chamberí, 28010 Madrid",912 77 59 29,maexdental.com,"4,8",90,Cerrado,"https://www.google.com/maps/place/Cl%C3%ADnica+dental+MAEX+Cristina+Viyuela+Zurbano/@40.4231504,-3.7169747,15z/data=!4m10!1m2!2m1!1scl%C3%ADnicas+dentales+en+Madrid!3m6!1s0xd42288e3e128933:0xf3165280f8ae4b89!8m2!3d40.427224!4d-3.693536!15sChxjbMOtbmljYXMgZGVudGFsZXMgZW4gTWFkcmlkWh4iHGNsw61uaWNhcyBkZW50YWxlcyBlbiBtYWRyaWSSAQ1kZW50YWxfY2xpbmljmgEkQ2hkRFNVaE5NRzluUzBWSlEwRm5TVU5RYnpjdFV6WlJSUkFC4AEA-gEECAAQSA!16s%2Fg%2F11b6x6tzst?entry=ttu&g_ep=EgoyMDI2MDQxMi4wIKXMDSoASAFQAw%3D%3D",40.4231504,-3.7169747,clínicas dentales en Madrid,Sí
CLÍNICA DENTAL ESCARIZ,Dentista,"C. de Mejía Lequerica, 7, Centro, 28004 Madrid",915 93 16 60,clinicadentalescariz.com,"4,8",55,,"https://www.google.com/maps/place/CL%C3%8DNICA+DENTAL+ESCARIZ/@40.4231504,-3.7169747,15z/data=!4m10!1m2!2m1!1scl%C3%ADnicas+dentales+en+Madrid!3m6!1s0xd422889310558bd:0xd82a87af9bc34e4!8m2!3d40.4265733!4d-3.6981846!15sChxjbMOtbmljYXMgZGVudGFsZXMgZW4gTWFkcmlkWh4iHGNsw61uaWNhcyBkZW50YWxlcyBlbiBtYWRyaWSSAQdkZW50aXN0mgEjQ2haRFNVaE5NRzluUzBWSlEwRm5TVU5RWjB4TWVraG5FQUXgAQD6AQQIABBK!16s%2Fg%2F1hc102sp5?entry=ttu&g_ep=EgoyMDI2MDQxMi4wIKXMDSoASAFQAw%3D%3D",40.4231504,-3.7169747,clínicas dentales en Madrid,Sí
IQDental,Dentista,"Calle Hermanos Álvarez Quintero, 4, Centro, 28004 Madrid",917 52 76 55,iqdental.es,"4,9",133,Cerrado,"https://www.google.com/maps/place/IQDental/@40.4231504,-3.7169747,15z/data=!3m1!5s0xd42288eb0cb34cf:0x574c8553e270ef94!4m10!1m2!2m1!1scl%C3%ADnicas+dentales+en+Madrid!3m6!1s0xd42288eb72848e9:0xff58afb93050a47!8m2!3d40.4273446!4d-3.6973449!15sChxjbMOtbmljYXMgZGVudGFsZXMgZW4gTWFkcmlkWh4iHGNsw61uaWNhcyBkZW50YWxlcyBlbiBtYWRyaWSSAQdkZW50aXN0mgEkQ2hkRFNVaE5NRzluUzBWSlEwRm5TVVI0YjAxTGNIQjNSUkFC4AEA-gEECAAQLw!16s%2Fg%2F11ckrhlv21?entry=ttu&g_ep=EgoyMDI2MDQxMi4wIKXMDSoASAFQAw%3D%3D",40.4231504,-3.7169747,clínicas dentales en Madrid,Sí
Clínica Dental Claudio Coello 8,Dentista,"C. de Claudio Coello, 8, Salamanca, 28001 Madrid",915 77 09 30,,"4,7",13,Cerrado,"https://www.google.com/maps/place/Cl%C3%ADnica+Dental+Claudio+Coello+8/@40.4212341,-3.704991,15z/data=!4m10!1m2!2m1!1scl%C3%ADnicas+dentales+en+Madrid!3m6!1s0xd4228999b435921:0x6f9ac6a2f5eb6ed9!8m2!3d40.4212341!4d-3.6869666!15sChxjbMOtbmljYXMgZGVudGFsZXMgZW4gTWFkcmlkWh4iHGNsw61uaWNhcyBkZW50YWxlcyBlbiBtYWRyaWSSAQdkZW50aXN0mgEkQ2hkRFNVaE5NRzluUzBWSlEwRm5TVU14Y3kxVVNUWkJSUkFC4AEA-gEFCLoCECs!16s%2Fg%2F11g02b5jq4?entry=ttu&g_ep=EgoyMDI2MDQxMi4wIKXMDSoASAFQAw%3D%3D",40.4212341,-3.704991,clínicas dentales en Madrid,No
Clínica Dental Chamberí,Clínica dental,"Calle de Palafox, 11, Chamberí, 28010 Madrid",915 76 61 50,clinicachamberi.com,"4,9",150,Cerrado,"https://www.google.com/maps/place/Cl%C3%ADnica+Dental+Chamber%C3%AD/@40.4212341,-3.704991,15z/data=!4m10!1m2!2m1!1scl%C3%ADnicas+dentales+en+Madrid!3m6!1s0xd4229fc1abf29bd:0x1db84674acb26565!8m2!3d40.431003!4d-3.701225!15sChxjbMOtbmljYXMgZGVudGFsZXMgZW4gTWFkcmlkWh4iHGNsw61uaWNhcyBkZW50YWxlcyBlbiBtYWRyaWSSAQ1kZW50YWxfY2xpbmljmgFEQ2k5RFFVbFJRVU52WkVOb2RIbGpSamx2VDI1YWVGSkdWa05YYlRsRlRrWkdURmt4WkZWbFJURkNVbTFhVG1Gc1JSQULgAQD6AQQIXhBC!16s%2Fg%2F11p16mhjvg?entry=ttu&g_ep=EgoyMDI2MDQxMi4wIKXMDSoASAFQAw%3D%3D",40.4212341,-3.704991,clínicas dentales en Madrid,Sí
Clínica Dental Chamberí,Clínica dental,"Calle de Palafox, 11, Chamberí, 28010 Madrid",915 76 61 50,clinicachamberi.com,"4,9",150,Cerrado,"https://www.google.com/maps/place/Cl%C3%ADnica+Dental+Chamber%C3%AD/@40.431003,-3.7192494,15z/data=!4m10!1m2!2m1!1scl%C3%ADnicas+dentales+en+Madrid!3m6!1s0xd4229fc1abf29bd:0x1db84674acb26565!8m2!3d40.431003!4d-3.701225!15sChxjbMOtbmljYXMgZGVudGFsZXMgZW4gTWFkcmlkWh4iHGNsw61uaWNhcyBkZW50YWxlcyBlbiBtYWRyaWSSAQ1kZW50YWxfY2xpbmljmgFEQ2k5RFFVbFJRVU52WkVOb2RIbGpSamx2VDI1YWVGSkdWa05YYlRsRlRrWkdURmt4WkZWbFJURkNVbTFhVG1Gc1JSQULgAQD6AQQIXhBC!16s%2Fg%2F11p16mhjvg?entry=ttu&g_ep=EgoyMDI2MDQxMi4wIKXMDSoASAFQAw%3D%3D",40.431003,-3.7192494,clínicas dentales en Madrid,Sí
"EDA, Clínica Dental en Chamberí",Clínica dental,"Calle de Sta Engracia, 15, Chamberí, 28010 Madrid",914 42 66 58,estudiodentalabascal.com,"4,9",181,Cerrado,"https://www.google.com/maps/place/EDA,+Cl%C3%ADnica+Dental+en+Chamber%C3%AD/@40.431003,-3.7192494,15z/data=!4m10!1m2!2m1!1scl%C3%ADnicas+dentales+en+Madrid!3m6!1s0xd4228f204eb4b6f:0x133f9aca1576fc20!8m2!3d40.4299761!4d-3.6968359!15sChxjbMOtbmljYXMgZGVudGFsZXMgZW4gTWFkcmlkWh4iHGNsw61uaWNhcyBkZW50YWxlcyBlbiBtYWRyaWSSAQ1kZW50YWxfY2xpbmljmgFEQ2k5RFFVbFJRVU52WkVOb2RIbGpSamx2VDI1R1ZGRjZaRnBpYWxWNVRsUktSMk5zUm14UlZGWnVaRlZPVkdKdVl4QULgAQD6AQQIbhBF!16s%2Fg%2F1tgm44n8?entry=ttu&g_ep=EgoyMDI2MDQxMi4wIKXMDSoASAFQAw%3D%3D",40.431003,-3.7192494,clínicas dentales en Madrid,Sí
Liscano León Dental,Clínica dental,"Costanilla de Capuchinos, 3, Centro, 28004 Madrid",640 02 57 55,liscanoleondental.com,"5,0",145,Cerrado,"https://www.google.com/maps/place/Liscano+Le%C3%B3n+Dental/@40.431003,-3.7192494,15z/data=!4m10!1m2!2m1!1scl%C3%ADnicas+dentales+en+Madrid!3m6!1s0xd4229f9b2f0b0a9:0xfe4a4e6a846f3da6!8m2!3d40.4215158!4d-3.6997488!15sChxjbMOtbmljYXMgZGVudGFsZXMgZW4gTWFkcmlkWh4iHGNsw61uaWNhcyBkZW50YWxlcyBlbiBtYWRyaWSSAQ1kZW50YWxfY2xpbmljmgFEQ2k5RFFVbFJRVU52WkVOb2RIbGpSamx2VDI1dk0xWkhTa3BSYTA1VVlrZHplbU5JUmt0YVJFNVZWMVpHYW1KWVl4QULgAQD6AQQIMBA-!16s%2Fg%2F11td20j1md?entry=ttu&g_ep=EgoyMDI2MDQxMi4wIKXMDSoASAFQAw%3D%3D",40.431003,-3.7192494,clínicas dentales en Madrid,Sí
Clínica Eire,Clínica dental,"C. del Conde de Aranda, 20, 1 derecha Planta 1, Salamanca, 28001 Madrid",600 54 30 07,,"5,0",127,Cerrado,"https://www.google.com/maps/place/Cl%C3%ADnica+Eire/@40.4215953,-3.7034718,15z/data=!3m1!5s0xd4228979b5cc92f:0x262d8197f9553501!4m10!1m2!2m1!1scl%C3%ADnicas+dentales+en+Madrid!3m6!1s0xd422899ae3e2a4b:0x8a6511770cf59556!8m2!3d40.4215953!4d-3.6854474!15sChxjbMOtbmljYXMgZGVudGFsZXMgZW4gTWFkcmlkWh4iHGNsw61uaWNhcyBkZW50YWxlcyBlbiBtYWRyaWSSAQ1kZW50YWxfY2xpbmljmgEjQ2haRFNVaE5NRzluUzBWSlEwRm5TVU0zTXpsdFJFRm5FQUXgAQD6AQQIABBE!16s%2Fg%2F1td5sl66?entry=ttu&g_ep=EgoyMDI2MDQxMi4wIKXMDSoASAFQAw%3D%3D",40.4215953,-3.7034718,clínicas dentales en Madrid,No
Clínica Dental Madrid | Klinik Dental®,Clínica dental,"Calle de Zurbano, 39, Chamberí, 28010 Madrid",684 77 30 27,klinik.dental,"5,0",14,Cerrado,"https://www.google.com/maps/place/Cl%C3%ADnica+Dental+Madrid+%7C+Klinik+Dental%C2%AE/@40.4215953,-3.7034718,15z/data=!4m10!1m2!2m1!1scl%C3%ADnicas+dentales+en+Madrid!3m6!1s0xd4227d4366000bd:0xc390cb57ad441d8e!8m2!3d40.4333801!4d-3.6935382!15sChxjbMOtbmljYXMgZGVudGFsZXMgZW4gTWFkcmlkWh4iHGNsw61uaWNhcyBkZW50YWxlcyBlbiBtYWRyaWSSAQ1kZW50YWxfY2xpbmljmgFEQ2k5RFFVbFJRVU52WkVOb2RIbGpSamx2VDJ0b2IyTlhNRE5SVms0MFV6Tk9lV0pWV2t0VVJteFBWakI0YldSSVl4QULgAQD6AQQIABAi!16s%2Fg%2F11md2zmq6m?entry=ttu&g_ep=EgoyMDI2MDQxMi4wIKXMDSoASAFQAw%3D%3D",40.4215953,-3.7034718,clínicas dentales en Madrid,Sí
Clínica Dental Velazquez,Dentista,"Calle Velázquez, 118, Salamanca, 28006 Madrid",915 62 43 04,clinicadentalvelazquez.com,"4,9",256,Cerrado,"https://www.google.com/maps/place/Cl%C3%ADnica+Dental+Velazquez/@40.4362546,-3.7010386,15z/data=!4m10!1m2!2m1!1scl%C3%ADnicas+dentales+en+Madrid!3m6!1s0xd4228ea86d7f9b3:0x35c04ad79085d3e!8m2!3d40.4362546!4d-3.6830142!15sChxjbMOtbmljYXMgZGVudGFsZXMgZW4gTWFkcmlkWh4iHGNsw61uaWNhcyBkZW50YWxlcyBlbiBtYWRyaWSSAQdkZW50aXN0mgEkQ2hkRFNVaE5NRzluUzBWSlEwRm5TVU55YkU1NmFHcFJSUkFC4AEA-gEECAAQMg!16s%2Fg%2F1tfxzbdm?entry=ttu&g_ep=EgoyMDI2MDQxMi4wIKXMDSoASAFQAw%3D%3D",40.4362546,-3.7010386,clínicas dentales en Madrid,Sí
INSTITUTO MEDICINA ESTÉTICA | IME,Clínica especializada,"C. de Vallehermoso, 9, Chamberí, 28015 Madrid",623 51 23 38,institutomedicinaestetica.com,"5,0",385,Cerrado,"https://www.google.com/maps/place/INSTITUTO+MEDICINA+EST%C3%89TICA+%7C+IME/@40.4306741,-3.7811896,13z/data=!4m10!1m2!2m1!1scl%C3%ADnicas+de+medicina+est%C3%A9tica+premium!3m6!1s0xd4229c9cc5bc55d:0x58a0da260c8a9868!8m2!3d40.4306741!4d-3.7090918!15sCidjbMOtbmljYXMgZGUgbWVkaWNpbmEgZXN0w6l0aWNhIHByZW1pdW1aKSInY2zDrW5pY2FzIGRlIG1lZGljaW5hIGVzdMOpdGljYSBwcmVtaXVtkgESc3BlY2lhbGl6ZWRfY2xpbmljmgEjQ2haRFNVaE5NRzluUzBWSlEwRm5TVVJNYW1RdFdWVm5FQUXgAQD6AQUIkgEQRg!16s%2Fg%2F11l6bl2ks3?entry=ttu&g_ep=EgoyMDI2MDQxMi4wIKXMDSoASAFQAw%3D%3D",40.4306741,-3.7811896,clínicas de medicina estética premium,Sí
MG Clinic - Cirugía Estética en Madrid y Medicina Estética Premium,Cirujano plástico,"C. del Padre Damián, 41, Chamartín, 28036 Madrid",660 79 68 39,mgclinic.es,"4,9",409,Cerrado,"https://www.google.com/maps/place/MG+Clinic+-+Cirug%C3%ADa+Est%C3%A9tica+en+Madrid+y+Medicina+Est%C3%A9tica+Premium/@40.4306741,-3.7811896,13z/data=!4m10!1m2!2m1!1scl%C3%ADnicas+de+medicina+est%C3%A9tica+premium!3m6!1s0xd42298e621c3661:0xf1690f34407e7213!8m2!3d40.4614849!4d-3.685737!15sCidjbMOtbmljYXMgZGUgbWVkaWNpbmEgZXN0w6l0aWNhIHByZW1pdW1aKSInY2zDrW5pY2FzIGRlIG1lZGljaW5hIGVzdMOpdGljYSBwcmVtaXVtkgEPcGxhc3RpY19zdXJnZW9umgEkQ2hkRFNVaE5NRzluUzBWSlEwRm5TVU0xTjBseFVHNUJSUkFC4AEA-gEECAAQOQ!16s%2Fg%2F11j2fqb2ry?entry=ttu&g_ep=EgoyMDI2MDQxMi4wIKXMDSoASAFQAw%3D%3D",40.4306741,-3.7811896,clínicas de medicina estética premium,Sí
Clínica Medicina Estética Dra. Elena Berezo | Madrid,Centro de estética,"Calle Velázquez, 115, Local Bajo Izquierda, Salamanca, 28006 Madrid",695 61 13 61,drelenaberezo.com,"4,4",612,Cerrado,"https://www.google.com/maps/place/Cl%C3%ADnica+Medicina+Est%C3%A9tica+Dra.+Elena+Berezo+%7C+Madrid/@40.4306741,-3.7811896,13z/data=!4m10!1m2!2m1!1scl%C3%ADnicas+de+medicina+est%C3%A9tica+premium!3m6!1s0xd4229d7987c6551:0xed42a22291a6a510!8m2!3d40.4368368!4d-3.6835986!15sCidjbMOtbmljYXMgZGUgbWVkaWNpbmEgZXN0w6l0aWNhIHByZW1pdW1aKSInY2zDrW5pY2FzIGRlIG1lZGljaW5hIGVzdMOpdGljYSBwcmVtaXVtkgEMYmVhdXR5X3NhbG9umgEjQ2haRFNVaE5NRzluUzBWTlYwSjFUakpFZW5aVVlsSm5FQUXgAQD6AQQIABBB!16s%2Fg%2F11rnxy9c3m?entry=ttu&g_ep=EgoyMDI2MDQxMi4wIKXMDSoASAFQAw%3D%3D",40.4306741,-3.7811896,clínicas de medicina estética premium,Sí
MED Clínica Medicina Estética Madrid,Cirujano plástico,"Calle de Núñez de Balboa, 29, Salamanca, 28001 Madrid",912 54 28 63,delriomedestetica.com,"5,0",231,Cerrado,"https://www.google.com/maps/place/MED+Cl%C3%ADnica+Medicina+Est%C3%A9tica+Madrid/@40.4306741,-3.7811896,13z/data=!4m10!1m2!2m1!1scl%C3%ADnicas+de+medicina+est%C3%A9tica+premium!3m6!1s0xd42294fce0e2437:0x44cdd56c7786619d!8m2!3d40.4243891!4d-3.6829759!15sCidjbMOtbmljYXMgZGUgbWVkaWNpbmEgZXN0w6l0aWNhIHByZW1pdW1aKSInY2zDrW5pY2FzIGRlIG1lZGljaW5hIGVzdMOpdGljYSBwcmVtaXVtkgEPcGxhc3RpY19zdXJnZW9umgEkQ2hkRFNVaE5NRzluUzBWSlEwRm5TVVJHYWpSSU1tNW5SUkFC4AEA-gEECGkQKQ!16s%2Fg%2F11js3mjsdy?entry=ttu&g_ep=EgoyMDI2MDQxMi4wIKXMDSoASAFQAw%3D%3D",40.4306741,-3.7811896,clínicas de medicina estética premium,Sí
Deam Clínica- Dr. Jesus Sierra,Clínica especializada,"Calle de Goya, 48, entreplanta derecha, Salamanca, 28001 Madrid",917 81 66 63,deamclinica.es,"4,8",120,Cerrado,"https://www.google.com/maps/place/Deam+Cl%C3%ADnica-+Dr.+Jesus+Sierra/@40.4306741,-3.7811896,13z/data=!3m1!5s0xd4228bd5db82911:0x963d289cb69f8af2!4m10!1m2!2m1!1scl%C3%ADnicas+de+medicina+est%C3%A9tica+premium!3m6!1s0xd42289509615689:0xaa0c3e0507f5a5c!8m2!3d40.424721!4d-3.6789824!15sCidjbMOtbmljYXMgZGUgbWVkaWNpbmEgZXN0w6l0aWNhIHByZW1pdW1aKSInY2zDrW5pY2FzIGRlIG1lZGljaW5hIGVzdMOpdGljYSBwcmVtaXVtkgESc3BlY2lhbGl6ZWRfY2xpbmljmgEkQ2hkRFNVaE5NRzluUzBWSlEwRm5TVU5hYlZwTVlqTlJSUkFC4AEA-gEECAAQMA!16s%2Fg%2F11xc_dgs8?entry=ttu&g_ep=EgoyMDI2MDQxMi4wIKXMDSoASAFQAw%3D%3D",40.4306741,-3.7811896,clínicas de medicina estética premium,Sí
Deam Clínica- Dr. Jesus Sierra,Clínica especializada,"Calle de Goya, 48, entreplanta derecha, Salamanca, 28001 Madrid",917 81 66 63,deamclinica.es,"4,8",120,Cerrado,"https://www.google.com/maps/place/Deam+Cl%C3%ADnica-+Dr.+Jesus+Sierra/@40.4306741,-3.7811896,13z/data=!3m1!5s0xd4228bd5db82911:0x963d289cb69f8af2!4m10!1m2!2m1!1scl%C3%ADnicas+de+medicina+est%C3%A9tica+premium!3m6!1s0xd42289509615689:0xaa0c3e0507f5a5c!8m2!3d40.424721!4d-3.6789824!15sCidjbMOtbmljYXMgZGUgbWVkaWNpbmEgZXN0w6l0aWNhIHByZW1pdW1aKSInY2zDrW5pY2FzIGRlIG1lZGljaW5hIGVzdMOpdGljYSBwcmVtaXVtkgESc3BlY2lhbGl6ZWRfY2xpbmljmgEkQ2hkRFNVaE5NRzluUzBWSlEwRm5TVU5hYlZwTVlqTlJSUkFC4AEA-gEECAAQMA!16s%2Fg%2F11xc_dgs8?entry=ttu&g_ep=EgoyMDI2MDQxMi4wIKXMDSoASAFQAw%3D%3D",40.4306741,-3.7811896,clínicas de medicina estética premium,Sí
Deam Clínica- Dr. Jesus Sierra,Clínica especializada,"Calle de Goya, 48, entreplanta derecha, Salamanca, 28001 Madrid",917 81 66 63,deamclinica.es,"4,8",120,Cerrado,"https://www.google.com/maps/place/BMC+BioMedical+Clinic/@40.4306741,-3.7811896,13z/data=!3m1!5s0xd4228bd5db82911:0x963d289cb69f8af2!4m10!1m2!2m1!1scl%C3%ADnicas+de+medicina+est%C3%A9tica+premium!3m6!1s0xd422995fd8c46d7:0x5e8c6a34915d3f77!8m2!3d40.4285523!4d-3.715471!15sCidjbMOtbmljYXMgZGUgbWVkaWNpbmEgZXN0w6l0aWNhIHByZW1pdW1aKSInY2zDrW5pY2FzIGRlIG1lZGljaW5hIGVzdMOpdGljYSBwcmVtaXVtkgESc3BlY2lhbGl6ZWRfY2xpbmljmgEjQ2haRFNVaE5NRzluUzBWSlEwRm5TVU5sYWxwMlZXRlJFQUXgAQD6AQQIABA4!16s%2Fg%2F11fpgk8x0w?entry=ttu&g_ep=EgoyMDI2MDQxMi4wIKXMDSoASAFQAw%3D%3D",40.4306741,-3.7811896,clínicas de medicina estética premium,Sí
Deam Clínica- Dr. Jesus Sierra,Clínica especializada,"Calle de Goya, 48, entreplanta derecha, Salamanca, 28001 Madrid",917 81 66 63,deamclinica.es,"4,8",120,Cerrado,"https://www.google.com/maps/place/Medicina+Est%C3%A9tica+Dra.+Elena+Rup%C3%A9rez+Caballero/@40.4306741,-3.7811896,13z/data=!4m10!1m2!2m1!1scl%C3%ADnicas+de+medicina+est%C3%A9tica+premium!3m6!1s0xd4228c02fae7797:0xf3bfff0483d8d569!8m2!3d40.43595!4d-3.6821!15sCidjbMOtbmljYXMgZGUgbWVkaWNpbmEgZXN0w6l0aWNhIHByZW1pdW1aKSInY2zDrW5pY2FzIGRlIG1lZGljaW5hIGVzdMOpdGljYSBwcmVtaXVtkgEGZG9jdG9ymgEjQ2haRFNVaE5NRzluUzBWSlEwRm5TVU5sTW5GNk1XWlJFQUXgAQD6AQQIORAX!16s%2Fg%2F11b7ypd_90?entry=ttu&g_ep=EgoyMDI2MDQxMi4wIKXMDSoASAFQAw%3D%3D",40.4306741,-3.7811896,clínicas de medicina estética premium,Sí
Deam Clínica- Dr. Jesus Sierra,Clínica especializada,"Calle de Goya, 48, entreplanta derecha, Salamanca, 28001 Madrid",917 81 66 63,deamclinica.es,"4,8",120,Cerrado,"https://www.google.com/maps/place/Cl%C3%ADnica+MBA+-+Cl%C3%ADnica+Medicina+Est%C3%A9tica+y+Est%C3%A9tica/@40.4306741,-3.7811896,13z/data=!3m1!5s0xd4228c02e36f3f5:0x5cf7fcec16c611db!4m10!1m2!2m1!1scl%C3%ADnicas+de+medicina+est%C3%A9tica+premium!3m6!1s0xd4229a967f88947:0xa149ab424e415955!8m2!3d40.4230012!4d-3.6786852!15sCidjbMOtbmljYXMgZGUgbWVkaWNpbmEgZXN0w6l0aWNhIHByZW1pdW1aKSInY2zDrW5pY2FzIGRlIG1lZGljaW5hIGVzdMOpdGljYSBwcmVtaXVtkgEMYmVhdXR5X3NhbG9umgFEQ2k5RFFVbFJRVU52WkVOb2RIbGpSamx2VDJ4TmVWVkhOWFJVUjJ4V1UxVnZlbHBVVW1aaVZXTXpVbFk1UlZsdVl4QULgAQD6AQQIABBF!16s%2Fg%2F11mn8j3d7n?entry=ttu&g_ep=EgoyMDI2MDQxMi4wIKXMDSoASAFQAw%3D%3D",40.4306741,-3.7811896,clínicas de medicina estética premium,Sí
Clínica MBA - Clínica Medicina Estética y Estética,Centro de estética,"C. de Antonio Acuña, 3, Salamanca, 28009 Madrid",915 76 52 41,clinicamba.com,"4,7",285,Cerrado,"https://www.google.com/maps/place/Cl%C3%ADnica+MBA+-+Cl%C3%ADnica+Medicina+Est%C3%A9tica+y+Est%C3%A9tica/@40.4306741,-3.7811896,13z/data=!4m10!1m2!2m1!1scl%C3%ADnicas+de+medicina+est%C3%A9tica+premium!3m6!1s0xd4229a967f88947:0xa149ab424e415955!8m2!3d40.4230012!4d-3.6786852!15sCidjbMOtbmljYXMgZGUgbWVkaWNpbmEgZXN0w6l0aWNhIHByZW1pdW1aKSInY2zDrW5pY2FzIGRlIG1lZGljaW5hIGVzdMOpdGljYSBwcmVtaXVtkgEMYmVhdXR5X3NhbG9umgFEQ2k5RFFVbFJRVU52WkVOb2RIbGpSamx2VDJ4TmVWVkhOWFJVUjJ4V1UxVnZlbHBVVW1aaVZXTXpVbFk1UlZsdVl4QULgAQD6AQQIABBF!16s%2Fg%2F11mn8j3d7n?entry=ttu&g_ep=EgoyMDI2MDQxMi4wIKXMDSoASAFQAw%3D%3D",40.4306741,-3.7811896,clínicas de medicina estética premium,Sí
Clínica MBA - Clínica Medicina Estética y Estética,Centro de estética,"C. de Antonio Acuña, 3, Salamanca, 28009 Madrid",915 76 52 41,clinicamba.com,"4,7",285,Cerrado,"https://www.google.com/maps/place/Cl%C3%ADnica+MBA+-+Cl%C3%ADnica+Medicina+Est%C3%A9tica+y+Est%C3%A9tica/@40.4306741,-3.7811896,13z/data=!4m10!1m2!2m1!1scl%C3%ADnicas+de+medicina+est%C3%A9tica+premium!3m6!1s0xd4229a967f88947:0xa149ab424e415955!8m2!3d40.4230012!4d-3.6786852!15sCidjbMOtbmljYXMgZGUgbWVkaWNpbmEgZXN0w6l0aWNhIHByZW1pdW1aKSInY2zDrW5pY2FzIGRlIG1lZGljaW5hIGVzdMOpdGljYSBwcmVtaXVtkgEMYmVhdXR5X3NhbG9umgFEQ2k5RFFVbFJRVU52WkVOb2RIbGpSamx2VDJ4TmVWVkhOWFJVUjJ4V1UxVnZlbHBVVW1aaVZXTXpVbFk1UlZsdVl4QULgAQD6AQQIABBF!16s%2Fg%2F11mn8j3d7n?entry=ttu&g_ep=EgoyMDI2MDQxMi4wIKXMDSoASAFQAw%3D%3D",40.4306741,-3.7811896,clínicas de medicina estética premium,Sí
Clínica MBA - Clínica Medicina Estética y Estética,Centro de estética,"C. de Antonio Acuña, 3, Salamanca, 28009 Madrid",915 76 52 41,clinicamba.com,"4,7",285,Cerrado,"https://www.google.com/maps/place/Cl%C3%ADnica+MBA+-+Cl%C3%ADnica+Medicina+Est%C3%A9tica+y+Est%C3%A9tica/@40.4306741,-3.7811896,13z/data=!4m10!1m2!2m1!1scl%C3%ADnicas+de+medicina+est%C3%A9tica+premium!3m6!1s0xd4229a967f88947:0xa149ab424e415955!8m2!3d40.4230012!4d-3.6786852!15sCidjbMOtbmljYXMgZGUgbWVkaWNpbmEgZXN0w6l0aWNhIHByZW1pdW1aKSInY2zDrW5pY2FzIGRlIG1lZGljaW5hIGVzdMOpdGljYSBwcmVtaXVtkgEMYmVhdXR5X3NhbG9umgFEQ2k5RFFVbFJRVU52WkVOb2RIbGpSamx2VDJ4TmVWVkhOWFJVUjJ4V1UxVnZlbHBVVW1aaVZXTXpVbFk1UlZsdVl4QULgAQD6AQQIABBF!16s%2Fg%2F11mn8j3d7n?entry=ttu&g_ep=EgoyMDI2MDQxMi4wIKXMDSoASAFQAw%3D%3D",40.4306741,-3.7811896,clínicas de medicina estética premium,Sí
Luxury Clinic Medicina Estética Especializada y Avanzada,Esteticista,"C. San Antonio de Padua, 21, Usera, 28026 Madrid",602 63 45 08,luxuryclinic.es,"4,6",33,Cerrado,"https://www.google.com/maps/place/Luxury+Clinic+Medicina+Est%C3%A9tica+Especializada+y+Avanzada/@40.4306741,-3.7811896,13z/data=!4m10!1m2!2m1!1scl%C3%ADnicas+de+medicina+est%C3%A9tica+premium!3m6!1s0xd42264cbb030e27:0xbc85b2baddcef2bd!8m2!3d40.3866744!4d-3.7020636!15sCidjbMOtbmljYXMgZGUgbWVkaWNpbmEgZXN0w6l0aWNhIHByZW1pdW1aKSInY2zDrW5pY2FzIGRlIG1lZGljaW5hIGVzdMOpdGljYSBwcmVtaXVtkgEKYmVhdXRpY2lhbpoBI0NoWkRTVWhOTUc5blMwVkpTM0p5WXpjd2JYQnlNbFZCRUFF4AEA-gEECAAQQQ!16s%2Fg%2F11pc9g7dzb?entry=ttu&g_ep=EgoyMDI2MDQxMi4wIKXMDSoASAFQAw%3D%3D",40.4306741,-3.7811896,clínicas de medicina estética premium,Sí
Medicalesthetic,Clínica especializada,"Calle Alfonso X, 3. Primera planta / Timbre Varicenter, 28010 Madrid",913 86 23 27,medicalesthetic.es,"4,6",34,Cerrado,"https://www.google.com/maps/place/Medicalesthetic/@40.4306741,-3.7811896,13z/data=!4m10!1m2!2m1!1scl%C3%ADnicas+de+medicina+est%C3%A9tica+premium!3m6!1s0xd422892ada4ed4b:0x19b084abbd79c3c!8m2!3d40.4334593!4d-3.6923171!15sCidjbMOtbmljYXMgZGUgbWVkaWNpbmEgZXN0w6l0aWNhIHByZW1pdW1aKSInY2zDrW5pY2FzIGRlIG1lZGljaW5hIGVzdMOpdGljYSBwcmVtaXVtkgESc3BlY2lhbGl6ZWRfY2xpbmljmgEkQ2hkRFNVaE5NRzluUzBWSlEwRm5TVU5qYmpWWVdqQm5SUkFC4AEA-gEFCJABEB0!16s%2Fg%2F11dyx93ql2?entry=ttu&g_ep=EgoyMDI2MDQxMi4wIKXMDSoASAFQAw%3D%3D",40.4306741,-3.7811896,clínicas de medicina estética premium,Sí
Medicalesthetic,Clínica especializada,"Calle Alfonso X, 3. Primera planta / Timbre Varicenter, 28010 Madrid",913 86 23 27,medicalesthetic.es,"4,6",34,Cerrado,"https://www.google.com/maps/place/Medicalesthetic/@40.4306741,-3.7811896,13z/data=!4m10!1m2!2m1!1scl%C3%ADnicas+de+medicina+est%C3%A9tica+premium!3m6!1s0xd422892ada4ed4b:0x19b084abbd79c3c!8m2!3d40.4334593!4d-3.6923171!15sCidjbMOtbmljYXMgZGUgbWVkaWNpbmEgZXN0w6l0aWNhIHByZW1pdW1aKSInY2zDrW5pY2FzIGRlIG1lZGljaW5hIGVzdMOpdGljYSBwcmVtaXVtkgESc3BlY2lhbGl6ZWRfY2xpbmljmgEkQ2hkRFNVaE5NRzluUzBWSlEwRm5TVU5qYmpWWVdqQm5SUkFC4AEA-gEFCJABEB0!16s%2Fg%2F11dyx93ql2?entry=ttu&g_ep=EgoyMDI2MDQxMi4wIKXMDSoASAFQAw%3D%3D",40.4306741,-3.7811896,clínicas de medicina estética premium,Sí
Medicalesthetic,Clínica especializada,"Calle Alfonso X, 3. Primera planta / Timbre Varicenter, 28010 Madrid",913 86 23 27,medicalesthetic.es,"4,6",34,Cerrado,"https://www.google.com/maps/place/Medicalesthetic/@40.4306741,-3.7811896,13z/data=!4m10!1m2!2m1!1scl%C3%ADnicas+de+medicina+est%C3%A9tica+premium!3m6!1s0xd422892ada4ed4b:0x19b084abbd79c3c!8m2!3d40.4334593!4d-3.6923171!15sCidjbMOtbmljYXMgZGUgbWVkaWNpbmEgZXN0w6l0aWNhIHByZW1pdW1aKSInY2zDrW5pY2FzIGRlIG1lZGljaW5hIGVzdMOpdGljYSBwcmVtaXVtkgESc3BlY2lhbGl6ZWRfY2xpbmljmgEkQ2hkRFNVaE5NRzluUzBWSlEwRm5TVU5qYmpWWVdqQm5SUkFC4AEA-gEFCJABEB0!16s%2Fg%2F11dyx93ql2?entry=ttu&g_ep=EgoyMDI2MDQxMi4wIKXMDSoASAFQAw%3D%3D",40.4306741,-3.7811896,clínicas de medicina estética premium,Sí
Derma Clear,Clínica especializada,"Calle Velázquez, 46, Salamanca, 28001 Madrid",,dermaclear.es,"4,2",153,Cerrado,"https://www.google.com/maps/place/Derma+Clear/@40.4306741,-3.7811896,13z/data=!3m1!5s0xd42289636efe68d:0xa248a8680b114531!4m10!1m2!2m1!1scl%C3%ADnicas+de+medicina+est%C3%A9tica+premium!3m6!1s0xd42289636814633:0x8674bb8bcdffe7e4!8m2!3d40.4267191!4d-3.683658!15sCidjbMOtbmljYXMgZGUgbWVkaWNpbmEgZXN0w6l0aWNhIHByZW1pdW1aKSInY2zDrW5pY2FzIGRlIG1lZGljaW5hIGVzdMOpdGljYSBwcmVtaXVtkgESc3BlY2lhbGl6ZWRfY2xpbmljmgEjQ2haRFNVaE5NRzluUzBWSlEwRm5TVU5VYW1KNlVrbFJFQUXgAQD6AQQIJBA9!16s%2Fg%2F1v9gl987?entry=ttu&g_ep=EgoyMDI2MDQxMi4wIKXMDSoASAFQAw%3D%3D",40.4306741,-3.7811896,clínicas de medicina estética premium,Sí
Blossom Clinica Medicina Estetica,Clínica dermatológica,"C. de Bravo Murillo, 253, Tetuán, 28020 Madrid",722 66 65 89,clinicablossom.com,"4,4",72,Cerrado,"https://www.google.com/maps/place/Blossom+Clinica+Medicina+Estetica/@40.4306741,-3.7811896,13z/data=!3m1!5s0xd422906d6ec1667:0x3ad71df7eac0f521!4m10!1m2!2m1!1scl%C3%ADnicas+de+medicina+est%C3%A9tica+premium!3m6!1s0xd422979bbe27baf:0x5d92722b35a33687!8m2!3d40.459191!4d-3.7001563!15sCidjbMOtbmljYXMgZGUgbWVkaWNpbmEgZXN0w6l0aWNhIHByZW1pdW1aKSInY2zDrW5pY2FzIGRlIG1lZGljaW5hIGVzdMOpdGljYSBwcmVtaXVtkgEQc2tpbl9jYXJlX2NsaW5pY5oBJENoZERTVWhOTUc5blMwVkpRMEZuU1VObE9WQXRObmgzUlJBQuABAPoBBQi0ARAp!16s%2Fg%2F11fkqz28_y?entry=ttu&g_ep=EgoyMDI2MDQxMi4wIKXMDSoASAFQAw%3D%3D",40.4306741,-3.7811896,clínicas de medicina estética premium,Sí
ANTIAGE Unidad de Medicina Estética,Clínica especializada,"Cl. de Ayala, 138, Salamanca, 28006 Madrid",633 22 21 19,antiageunidadmedica.com,"4,8",252,Cerrado,"https://www.google.com/maps/place/ANTIAGE+Unidad+de+Medicina+Est%C3%A9tica/@40.4272789,-3.7443685,13z/data=!4m10!1m2!2m1!1scl%C3%ADnicas+de+medicina+est%C3%A9tica+premium!3m6!1s0xd42296dcbe7965b:0x509415ab80ab768a!8m2!3d40.4272789!4d-3.6722707!15sCidjbMOtbmljYXMgZGUgbWVkaWNpbmEgZXN0w6l0aWNhIHByZW1pdW1aKSInY2zDrW5pY2FzIGRlIG1lZGljaW5hIGVzdMOpdGljYSBwcmVtaXVtkgESc3BlY2lhbGl6ZWRfY2xpbmljmgEkQ2hkRFNVaE5NRzluUzBWSlEwRm5TVVJHYWpsWVJEaG5SUkFC4AEA-gEECEQQQw!16s%2Fg%2F11lgn20bdv?entry=ttu&g_ep=EgoyMDI2MDQxMi4wIKXMDSoASAFQAw%3D%3D",40.4272789,-3.7443685,clínicas de medicina estética premium,Sí
Armony Clinic,Centro de estética,"Calle de Castelló, 46, Salamanca, 28001 Madrid",692 31 12 74,armonyclinic.es,"4,7",65,Cerrado,"https://www.google.com/maps/place/Armony+Clinic/@40.4272789,-3.7443685,13z/data=!4m10!1m2!2m1!1scl%C3%ADnicas+de+medicina+est%C3%A9tica+premium!3m6!1s0xd4229e29d1ef8bd:0xd4b718fc6b0f18c0!8m2!3d40.4268265!4d-3.6811557!15sCidjbMOtbmljYXMgZGUgbWVkaWNpbmEgZXN0w6l0aWNhIHByZW1pdW1aKSInY2zDrW5pY2FzIGRlIG1lZGljaW5hIGVzdMOpdGljYSBwcmVtaXVtkgEMYmVhdXR5X3NhbG9umgEjQ2haRFNVaE5NRzluUzBWSlEwRm5TVU51WDNOWVFsVm5FQUXgAQD6AQQIABA9!16s%2Fg%2F11wc1w82bm?entry=ttu&g_ep=EgoyMDI2MDQxMi4wIKXMDSoASAFQAw%3D%3D",40.4272789,-3.7443685,clínicas de medicina estética premium,Sí
ILUNION Clínica de Fisioterapia,Clínica de fisioterapia,"C. de Prim, 3, Centro, 28004 Madrid",917 35 50 50,ilunionbienestaryvidasenior.com,"4,8",9,Cerrado,"https://www.google.com/maps/place/ILUNION+Cl%C3%ADnica+de+Fisioterapia/@40.4245953,-3.6917908,15z/data=!4m10!1m2!2m1!1scentros+de+fisioterapia+madrid!3m6!1s0xd4229da48685927:0xd911de563d9d04f0!8m2!3d40.4220662!4d-3.6948317!15sCh5jZW50cm9zIGRlIGZpc2lvdGVyYXBpYSBtYWRyaWRaICIeY2VudHJvcyBkZSBmaXNpb3RlcmFwaWEgbWFkcmlkkgEUcGh5c2lvdGhlcmFweV9jZW50ZXKaAURDaTlEUVVsUlFVTnZaRU5vZEhsalJqbHZUMnhvTWxWVmRFNWxSRUowVGpGR2IxWnJaR3RrUjNSc1pXczFVbEZYWXhBQuABAPoBBAhiEBg!16s%2Fg%2F11g0ds30p9?entry=ttu&g_ep=EgoyMDI2MDQxMi4wIKXMDSoASAFQAw%3D%3D",40.4245953,-3.6917908,centros de fisioterapia madrid,Sí
ILUNION Clínica de Fisioterapia,Clínica de fisioterapia,"C. de Prim, 3, Centro, 28004 Madrid",917 35 50 50,ilunionbienestaryvidasenior.com,"4,8",9,Cerrado,"https://www.google.com/maps/place/ILUNION+Cl%C3%ADnica+de+Fisioterapia/@40.4220662,-3.7128561,15z/data=!4m10!1m2!2m1!1scentros+de+fisioterapia+madrid!3m6!1s0xd4229da48685927:0xd911de563d9d04f0!8m2!3d40.4220662!4d-3.6948317!15sCh5jZW50cm9zIGRlIGZpc2lvdGVyYXBpYSBtYWRyaWRaICIeY2VudHJvcyBkZSBmaXNpb3RlcmFwaWEgbWFkcmlkkgEUcGh5c2lvdGhlcmFweV9jZW50ZXKaAURDaTlEUVVsUlFVTnZaRU5vZEhsalJqbHZUMnhvTWxWVmRFNWxSRUowVGpGR2IxWnJaR3RrUjNSc1pXczFVbEZYWXhBQuABAPoBBAhiEBg!16s%2Fg%2F11g0ds30p9?entry=ttu&g_ep=EgoyMDI2MDQxMi4wIKXMDSoASAFQAw%3D%3D",40.4220662,-3.7128561,centros de fisioterapia madrid,Sí
Yanomeduele,Clínica de fisioterapia,"C. de la Libertad, 6, Centro, 28004 Madrid",915 21 19 57,yanomeduele.com,"4,5",119,Cerrado,"https://www.google.com/maps/place/Yanomeduele/@40.4220662,-3.7128561,15z/data=!4m10!1m2!2m1!1scentros+de+fisioterapia+madrid!3m6!1s0xd4228842daa466f:0xc2821740be47d2b7!8m2!3d40.4205256!4d-3.6973496!15sCh5jZW50cm9zIGRlIGZpc2lvdGVyYXBpYSBtYWRyaWRaICIeY2VudHJvcyBkZSBmaXNpb3RlcmFwaWEgbWFkcmlkkgEUcGh5c2lvdGhlcmFweV9jZW50ZXKaAURDaTlEUVVsUlFVTnZaRU5vZEhsalJqbHZUMnBOTUZWWFpHbE5WMVY0VDFWRk1GTldaekJVUjNReVkydDBiV0ZJWXhBQuABAPoBBAgAEEo!16s%2Fg%2F1v_z5mkd?entry=ttu&g_ep=EgoyMDI2MDQxMi4wIKXMDSoASAFQAw%3D%3D",40.4220662,-3.7128561,centros de fisioterapia madrid,Sí
Yanomeduele,Clínica de fisioterapia,"C. de la Libertad, 6, Centro, 28004 Madrid",915 21 19 57,yanomeduele.com,"4,5",119,Cerrado,"https://www.google.com/maps/place/Yanomeduele/@40.4220662,-3.7128561,15z/data=!4m10!1m2!2m1!1scentros+de+fisioterapia+madrid!3m6!1s0xd4228842daa466f:0xc2821740be47d2b7!8m2!3d40.4205256!4d-3.6973496!15sCh5jZW50cm9zIGRlIGZpc2lvdGVyYXBpYSBtYWRyaWRaICIeY2VudHJvcyBkZSBmaXNpb3RlcmFwaWEgbWFkcmlkkgEUcGh5c2lvdGhlcmFweV9jZW50ZXKaAURDaTlEUVVsUlFVTnZaRU5vZEhsalJqbHZUMnBOTUZWWFpHbE5WMVY0VDFWRk1GTldaekJVUjNReVkydDBiV0ZJWXhBQuABAPoBBAgAEEo!16s%2Fg%2F1v_z5mkd?entry=ttu&g_ep=EgoyMDI2MDQxMi4wIKXMDSoASAFQAw%3D%3D",40.4220662,-3.7128561,centros de fisioterapia madrid,Sí
eFISIO Fisioterapia,Clínica de fisioterapia,"C. de Carranza, 7, 1°6, Centro, 28004 Madrid",910 05 23 63,efisio.es,"4,9",581,,"https://www.google.com/maps/place/eFISIO+Fisioterapia/@40.4290217,-3.721159,15z/data=!4m10!1m2!2m1!1scentros+de+fisioterapia+madrid!3m6!1s0xd422908870c08eb:0x7827d6aa6b5460b9!8m2!3d40.4290217!4d-3.7031346!15sCh5jZW50cm9zIGRlIGZpc2lvdGVyYXBpYSBtYWRyaWRaICIeY2VudHJvcyBkZSBmaXNpb3RlcmFwaWEgbWFkcmlkkgEUcGh5c2lvdGhlcmFweV9jZW50ZXKaASRDaGREU1VoTk1HOW5TMFZKUTBGblNVUTFkWFp5YkhWblJSQULgAQD6AQQIABAy!16s%2Fg%2F11px171gcs?entry=ttu&g_ep=EgoyMDI2MDQxMi4wIKXMDSoASAFQAw%3D%3D",40.4290217,-3.721159,centros de fisioterapia madrid,Sí
eFISIO Fisioterapia,Clínica de fisioterapia,"C. de Carranza, 7, 1°6, Centro, 28004 Madrid",910 05 23 63,efisio.es,"4,9",581,Cerrado,"https://www.google.com/maps/place/Centro+Fix+You/@40.4276753,-3.7025367,15z/data=!3m1!5s0xd42289667c94521:0xded4338389768d55!4m10!1m2!2m1!1scentros+de+fisioterapia+madrid!3m6!1s0xd42292e9e61e409:0x182b0c756fa091bb!8m2!3d40.4276753!4d-3.6845123!15sCh5jZW50cm9zIGRlIGZpc2lvdGVyYXBpYSBtYWRyaWRaICIeY2VudHJvcyBkZSBmaXNpb3RlcmFwaWEgbWFkcmlkkgEUcGh5c2lvdGhlcmFweV9jZW50ZXKaASRDaGREU1VoTk1HOW5TMFZKUTBGblNVTXhNazVQZHpKblJSQULgAQD6AQQIExBJ!16s%2Fg%2F11gnplhyqj?entry=ttu&g_ep=EgoyMDI2MDQxMi4wIKXMDSoASAFQAw%3D%3D",40.4276753,-3.7025367,centros de fisioterapia madrid,Sí
Centro Fix You,Clínica de fisioterapia,"Cl. de Ayala, 38, 1ºA, Salamanca, 28001 Madrid",697 90 86 97,centrofixyou.com,"4,9",99,Cerrado,"https://www.google.com/maps/place/Centro+Fix+You/@40.4276753,-3.7025367,15z/data=!3m1!5s0xd42289667c94521:0xded4338389768d55!4m10!1m2!2m1!1scentros+de+fisioterapia+madrid!3m6!1s0xd42292e9e61e409:0x182b0c756fa091bb!8m2!3d40.4276753!4d-3.6845123!15sCh5jZW50cm9zIGRlIGZpc2lvdGVyYXBpYSBtYWRyaWRaICIeY2VudHJvcyBkZSBmaXNpb3RlcmFwaWEgbWFkcmlkkgEUcGh5c2lvdGhlcmFweV9jZW50ZXKaASRDaGREU1VoTk1HOW5TMFZKUTBGblNVTXhNazVQZHpKblJSQULgAQD6AQQIExBJ!16s%2Fg%2F11gnplhyqj?entry=ttu&g_ep=EgoyMDI2MDQxMi4wIKXMDSoASAFQAw%3D%3D",40.4276753,-3.7025367,centros de fisioterapia madrid,Sí
"FISIO TIRSO MADRID. Centro de Fisioterapia, Ecografía, Osteopatía, Punción seca y Masaje.",Clínica de fisioterapia,"Pl. de Tirso de Molina, 16, Piso 4, Puerta 5, Centro, 28012 Madrid",647 04 30 55,fisiotirso.webnode.es,"4,9",324,Cerrado,"https://www.google.com/maps/place/FISIO+TIRSO+MADRID.+Centro+de+Fisioterapia,+Ecograf%C3%ADa,+Osteopat%C3%ADa,+Punci%C3%B3n+seca+y+Masaje./@40.4276753,-3.7025367,15z/data=!4m10!1m2!2m1!1scentros+de+fisioterapia+madrid!3m6!1s0xd4227725a910a85:0x467f882801d25eaf!8m2!3d40.4126468!4d-3.704517!15sCh5jZW50cm9zIGRlIGZpc2lvdGVyYXBpYSBtYWRyaWRaICIeY2VudHJvcyBkZSBmaXNpb3RlcmFwaWEgbWFkcmlkkgEUcGh5c2lvdGhlcmFweV9jZW50ZXKaAURDaTlEUVVsUlFVTnZaRU5vZEhsalJqbHZUMnBhVUZwSFRrOU5WbFUwVVROR1ZGcFlhRE5TTWxwRlV6TkNTRlJ1WXhBQuABAPoBBAgRECg!16s%2Fg%2F11h2mdb4p_?entry=ttu&g_ep=EgoyMDI2MDQxMi4wIKXMDSoASAFQAw%3D%3D",40.4276753,-3.7025367,centros de fisioterapia madrid,Sí
"FISIO TIRSO MADRID. Centro de Fisioterapia, Ecografía, Osteopatía, Punción seca y Masaje.",Clínica de fisioterapia,"Pl. de Tirso de Molina, 16, Piso 4, Puerta 5, Centro, 28012 Madrid",647 04 30 55,fisiotirso.webnode.es,"4,9",324,Cerrado,"https://www.google.com/maps/place/FISIO+TIRSO+MADRID.+Centro+de+Fisioterapia,+Ecograf%C3%ADa,+Osteopat%C3%ADa,+Punci%C3%B3n+seca+y+Masaje./@40.4126468,-3.7225414,15z/data=!4m10!1m2!2m1!1scentros+de+fisioterapia+madrid!3m6!1s0xd4227725a910a85:0x467f882801d25eaf!8m2!3d40.4126468!4d-3.704517!15sCh5jZW50cm9zIGRlIGZpc2lvdGVyYXBpYSBtYWRyaWRaICIeY2VudHJvcyBkZSBmaXNpb3RlcmFwaWEgbWFkcmlkkgEUcGh5c2lvdGhlcmFweV9jZW50ZXKaAURDaTlEUVVsUlFVTnZaRU5vZEhsalJqbHZUMnBhVUZwSFRrOU5WbFUwVVROR1ZGcFlhRE5TTWxwRlV6TkNTRlJ1WXhBQuABAPoBBAgRECg!16s%2Fg%2F11h2mdb4p_?entry=ttu&g_ep=EgoyMDI2MDQxMi4wIKXMDSoASAFQAw%3D%3D",40.4126468,-3.7225414,centros de fisioterapia madrid,Sí
"FISIO TIRSO MADRID. Centro de Fisioterapia, Ecografía, Osteopatía, Punción seca y Masaje.",Clínica de fisioterapia,"Pl. de Tirso de Molina, 16, Piso 4, Puerta 5, Centro, 28012 Madrid",647 04 30 55,fisiotirso.webnode.es,"4,9",324,Cerrado,"https://www.google.com/maps/place/FISIO+TIRSO+MADRID.+Centro+de+Fisioterapia,+Ecograf%C3%ADa,+Osteopat%C3%ADa,+Punci%C3%B3n+seca+y+Masaje./@40.4126468,-3.7225414,15z/data=!4m10!1m2!2m1!1scentros+de+fisioterapia+madrid!3m6!1s0xd4227725a910a85:0x467f882801d25eaf!8m2!3d40.4126468!4d-3.704517!15sCh5jZW50cm9zIGRlIGZpc2lvdGVyYXBpYSBtYWRyaWRaICIeY2VudHJvcyBkZSBmaXNpb3RlcmFwaWEgbWFkcmlkkgEUcGh5c2lvdGhlcmFweV9jZW50ZXKaAURDaTlEUVVsUlFVTnZaRU5vZEhsalJqbHZUMnBhVUZwSFRrOU5WbFUwVVROR1ZGcFlhRE5TTWxwRlV6TkNTRlJ1WXhBQuABAPoBBAgRECg!16s%2Fg%2F11h2mdb4p_?entry=ttu&g_ep=EgoyMDI2MDQxMi4wIKXMDSoASAFQAw%3D%3D",40.4126468,-3.7225414,centros de fisioterapia madrid,Sí
𝗙𝗶𝘀𝗶𝗼𝘁𝗲𝗿𝗮𝗽𝗶𝗮 Aloeneva,Fisioterapeuta,"C. de la Academia, 7, Retiro, 28014 Madrid",690 86 00 12,aloeneva.com,"5,0",67,Cerrado,"https://www.google.com/maps/place/%F0%9D%97%99%F0%9D%97%B6%F0%9D%98%80%F0%9D%97%B6%F0%9D%97%BC%F0%9D%98%81%F0%9D%97%B2%F0%9D%97%BF%F0%9D%97%AE%F0%9D%97%BD%F0%9D%97%B6%F0%9D%97%AE+Aloeneva/@40.4126468,-3.7225414,15z/data=!4m10!1m2!2m1!1scentros+de+fisioterapia+madrid!3m6!1s0xd42289da39f0c9b:0x174705e41c27d684!8m2!3d40.4148188!4d-3.6897193!15sCh5jZW50cm9zIGRlIGZpc2lvdGVyYXBpYSBtYWRyaWRaICIeY2VudHJvcyBkZSBmaXNpb3RlcmFwaWEgbWFkcmlkkgEPcGh5c2lvdGhlcmFwaXN0mgEkQ2hkRFNVaE5NRzluUzBWSlEwRm5TVVJDY25WTWJEbFJSUkFC4AEA-gEFCJYBEDA!16s%2Fg%2F11dfxw5pfd?entry=ttu&g_ep=EgoyMDI2MDQxMi4wIKXMDSoASAFQAw%3D%3D",40.4126468,-3.7225414,centros de fisioterapia madrid,Sí
𝗙𝗶𝘀𝗶𝗼𝘁𝗲𝗿𝗮𝗽𝗶𝗮 Aloeneva,Fisioterapeuta,"C. de la Academia, 7, Retiro, 28014 Madrid",690 86 00 12,aloeneva.com,"5,0",67,Cerrado,"https://www.google.com/maps/place/%F0%9D%97%99%F0%9D%97%B6%F0%9D%98%80%F0%9D%97%B6%F0%9D%97%BC%F0%9D%98%81%F0%9D%97%B2%F0%9D%97%BF%F0%9D%97%AE%F0%9D%97%BD%F0%9D%97%B6%F0%9D%97%AE+Aloeneva/@40.4126468,-3.7225414,15z/data=!4m10!1m2!2m1!1scentros+de+fisioterapia+madrid!3m6!1s0xd42289da39f0c9b:0x174705e41c27d684!8m2!3d40.4148188!4d-3.6897193!15sCh5jZW50cm9zIGRlIGZpc2lvdGVyYXBpYSBtYWRyaWRaICIeY2VudHJvcyBkZSBmaXNpb3RlcmFwaWEgbWFkcmlkkgEPcGh5c2lvdGhlcmFwaXN0mgEkQ2hkRFNVaE5NRzluUzBWSlEwRm5TVVJDY25WTWJEbFJSUkFC4AEA-gEFCJYBEDA!16s%2Fg%2F11dfxw5pfd?entry=ttu&g_ep=EgoyMDI2MDQxMi4wIKXMDSoASAFQAw%3D%3D",40.4126468,-3.7225414,centros de fisioterapia madrid,Sí
𝗙𝗶𝘀𝗶𝗼𝘁𝗲𝗿𝗮𝗽𝗶𝗮 Aloeneva,Fisioterapeuta,"C. de la Academia, 7, Retiro, 28014 Madrid",690 86 00 12,aloeneva.com,"5,0",67,Cerrado,"https://www.google.com/maps/place/FisioCentroMadrid/@40.4148188,-3.7077437,15z/data=!4m10!1m2!2m1!1scentros+de+fisioterapia+madrid!3m6!1s0xd4228bc41e98ad5:0x9c74731957acd2ed!8m2!3d40.427409!4d-3.678862!15sCh5jZW50cm9zIGRlIGZpc2lvdGVyYXBpYSBtYWRyaWRaICIeY2VudHJvcyBkZSBmaXNpb3RlcmFwaWEgbWFkcmlkkgEPcGh5c2lvdGhlcmFwaXN0mgEkQ2hkRFNVaE5NRzluUzBWSlEwRm5TVU5sZGtvM1REaG5SUkFC4AEA-gEECAAQFQ!16s%2Fg%2F1tmplthm?entry=ttu&g_ep=EgoyMDI2MDQxMi4wIKXMDSoASAFQAw%3D%3D",40.4148188,-3.7077437,centros de fisioterapia madrid,Sí
𝗙𝗶𝘀𝗶𝗼𝘁𝗲𝗿𝗮𝗽𝗶𝗮 Aloeneva,Fisioterapeuta,"C. de la Academia, 7, Retiro, 28014 Madrid",690 86 00 12,aloeneva.com,"5,0",67,Cerrado,"https://www.google.com/maps/place/FisioCentroMadrid/@40.4148188,-3.7077437,15z/data=!4m10!1m2!2m1!1scentros+de+fisioterapia+madrid!3m6!1s0xd4228bc41e98ad5:0x9c74731957acd2ed!8m2!3d40.427409!4d-3.678862!15sCh5jZW50cm9zIGRlIGZpc2lvdGVyYXBpYSBtYWRyaWRaICIeY2VudHJvcyBkZSBmaXNpb3RlcmFwaWEgbWFkcmlkkgEPcGh5c2lvdGhlcmFwaXN0mgEkQ2hkRFNVaE5NRzluUzBWSlEwRm5TVU5sZGtvM1REaG5SUkFC4AEA-gEECAAQFQ!16s%2Fg%2F1tmplthm?entry=ttu&g_ep=EgoyMDI2MDQxMi4wIKXMDSoASAFQAw%3D%3D",40.4148188,-3.7077437,centros de fisioterapia madrid,Sí
𝗙𝗶𝘀𝗶𝗼𝘁𝗲𝗿𝗮𝗽𝗶𝗮 Aloeneva,Fisioterapeuta,"C. de la Academia, 7, Retiro, 28014 Madrid",690 86 00 12,aloeneva.com,"5,0",67,Cerrado,"https://www.google.com/maps/place/Fisioterapia+Madrid/@40.427409,-3.6968864,15z/data=!4m10!1m2!2m1!1scentros+de+fisioterapia+madrid!3m6!1s0xd4228eaffffffd7:0xad16c978c64a2133!8m2!3d40.4211988!4d-3.6752015!15sCh5jZW50cm9zIGRlIGZpc2lvdGVyYXBpYSBtYWRyaWRaICIeY2VudHJvcyBkZSBmaXNpb3RlcmFwaWEgbWFkcmlkkgEUcGh5c2lvdGhlcmFweV9jZW50ZXKaASNDaFpEU1VoTk1HOW5TMFZKVTJscE4yVkpNRTgyUkZObkVBReABAPoBBAgAEC8!16s%2Fg%2F11g8wnwvw4?entry=ttu&g_ep=EgoyMDI2MDQxMi4wIKXMDSoASAFQAw%3D%3D",40.427409,-3.6968864,centros de fisioterapia madrid,Sí
MASSALUD - Fisioterapia y Osteopatia - Especialistas en Tratamiento Voz y Artes Escénicas.,Clínica de fisioterapia,"C. de los Caños del Peral, 11, Bajo Izquierda, Centro, 28013 Madrid",915 41 89 93,massalud.org,"4,8",53,Cerrado,"https://www.google.com/maps/place/MASSALUD+-+Fisioterapia+y+Osteopatia+-+Especialistas+en+Tratamiento+Voz+y+Artes+Esc%C3%A9nicas./@40.4211988,-3.6932259,15z/data=!4m10!1m2!2m1!1scentros+de+fisioterapia+madrid!3m6!1s0xd42287a88da0e73:0x3927e1f157e2cc9e!8m2!3d40.4190855!4d-3.7083801!15sCh5jZW50cm9zIGRlIGZpc2lvdGVyYXBpYSBtYWRyaWRaICIeY2VudHJvcyBkZSBmaXNpb3RlcmFwaWEgbWFkcmlkkgEUcGh5c2lvdGhlcmFweV9jZW50ZXKaASRDaGREU1VoTk1HOW5TMFZKUTBGblNVUmxkbkkzVG14UlJSQULgAQD6AQQIKRAm!16s%2Fg%2F1hc45fwv7?entry=ttu&g_ep=EgoyMDI2MDQxMi4wIKXMDSoASAFQAw%3D%3D",40.4211988,-3.6932259,centros de fisioterapia madrid,Sí
MASSALUD - Fisioterapia y Osteopatia - Especialistas en Tratamiento Voz y Artes Escénicas.,Clínica de fisioterapia,"C. de los Caños del Peral, 11, Bajo Izquierda, Centro, 28013 Madrid",915 41 89 93,massalud.org,"4,8",53,Cerrado,"https://www.google.com/maps/place/MASSALUD+-+Fisioterapia+y+Osteopatia+-+Especialistas+en+Tratamiento+Voz+y+Artes+Esc%C3%A9nicas./@40.4190855,-3.7264045,15z/data=!4m10!1m2!2m1!1scentros+de+fisioterapia+madrid!3m6!1s0xd42287a88da0e73:0x3927e1f157e2cc9e!8m2!3d40.4190855!4d-3.7083801!15sCh5jZW50cm9zIGRlIGZpc2lvdGVyYXBpYSBtYWRyaWRaICIeY2VudHJvcyBkZSBmaXNpb3RlcmFwaWEgbWFkcmlkkgEUcGh5c2lvdGhlcmFweV9jZW50ZXKaASRDaGREU1VoTk1HOW5TMFZKUTBGblNVUmxkbkkzVG14UlJSQULgAQD6AQQIKRAm!16s%2Fg%2F1hc45fwv7?entry=ttu&g_ep=EgoyMDI2MDQxMi4wIKXMDSoASAFQAw%3D%3D",40.4190855,-3.7264045,centros de fisioterapia madrid,Sí
"Unidad Avanzada de Vértigo Madrid - Tratamiento de vértigo, mareo y trastornos del equilibrio | Clínica MIP Salud",Médico,"C. del Conde de Aranda, 15, Salamanca, 28001 Madrid",673 89 31 03,otorrinodoctorbenito.com,"5,0",5,Cerrado,"https://www.google.com/maps/place/Unidad+Avanzada+de+V%C3%A9rtigo+Madrid+-+Tratamiento+de+v%C3%A9rtigo,+mareo+y+trastornos+del+equilibrio+%7C+Cl%C3%ADnica+MIP+Salud/@40.4190855,-3.7264045,15z/data=!4m10!1m2!2m1!1scentros+de+fisioterapia+madrid!3m6!1s0xd42294fe6393dc5:0x5225dcc72065cf28!8m2!3d40.4219054!4d-3.6862734!15sCh5jZW50cm9zIGRlIGZpc2lvdGVyYXBpYSBtYWRyaWRaICIeY2VudHJvcyBkZSBmaXNpb3RlcmFwaWEgbWFkcmlkkgEGZG9jdG9ymgEkQ2hkRFNVaE5NRzluUzBWSlEwRm5TVU5DTWpabVJUWjNSUkFC4AEA-gEECAAQKA!16s%2Fg%2F11rcstg92g?entry=ttu&g_ep=EgoyMDI2MDQxMi4wIKXMDSoASAFQAw%3D%3D",40.4190855,-3.7264045,centros de fisioterapia madrid,Sí
"Unidad Avanzada de Vértigo Madrid - Tratamiento de vértigo, mareo y trastornos del equilibrio | Clínica MIP Salud",Médico,"C. del Conde de Aranda, 15, Salamanca, 28001 Madrid",673 89 31 03,otorrinodoctorbenito.com,"5,0",5,Cerrado,"https://www.google.com/maps/place/Unidad+Avanzada+de+V%C3%A9rtigo+Madrid+-+Tratamiento+de+v%C3%A9rtigo,+mareo+y+trastornos+del+equilibrio+%7C+Cl%C3%ADnica+MIP+Salud/@40.4219054,-3.7042978,15z/data=!4m10!1m2!2m1!1scentros+de+fisioterapia+madrid!3m6!1s0xd42294fe6393dc5:0x5225dcc72065cf28!8m2!3d40.4219054!4d-3.6862734!15sCh5jZW50cm9zIGRlIGZpc2lvdGVyYXBpYSBtYWRyaWRaICIeY2VudHJvcyBkZSBmaXNpb3RlcmFwaWEgbWFkcmlkkgEGZG9jdG9ymgEkQ2hkRFNVaE5NRzluUzBWSlEwRm5TVU5DTWpabVJUWjNSUkFC4AEA-gEECAAQKA!16s%2Fg%2F11rcstg92g?entry=ttu&g_ep=EgoyMDI2MDQxMi4wIKXMDSoASAFQAw%3D%3D",40.4219054,-3.7042978,centros de fisioterapia madrid,Sí
"Unidad Avanzada de Vértigo Madrid - Tratamiento de vértigo, mareo y trastornos del equilibrio | Clínica MIP Salud",Médico,"C. del Conde de Aranda, 15, Salamanca, 28001 Madrid",673 89 31 03,otorrinodoctorbenito.com,"5,0",5,Cerrado,"https://www.google.com/maps/place/Unidad+Avanzada+de+V%C3%A9rtigo+Madrid+-+Tratamiento+de+v%C3%A9rtigo,+mareo+y+trastornos+del+equilibrio+%7C+Cl%C3%ADnica+MIP+Salud/@40.4219054,-3.7042978,15z/data=!4m10!1m2!2m1!1scentros+de+fisioterapia+madrid!3m6!1s0xd42294fe6393dc5:0x5225dcc72065cf28!8m2!3d40.4219054!4d-3.6862734!15sCh5jZW50cm9zIGRlIGZpc2lvdGVyYXBpYSBtYWRyaWRaICIeY2VudHJvcyBkZSBmaXNpb3RlcmFwaWEgbWFkcmlkkgEGZG9jdG9ymgEkQ2hkRFNVaE5NRzluUzBWSlEwRm5TVU5DTWpabVJUWjNSUkFC4AEA-gEECAAQKA!16s%2Fg%2F11rcstg92g?entry=ttu&g_ep=EgoyMDI2MDQxMi4wIKXMDSoASAFQAw%3D%3D",40.4219054,-3.7042978,centros de fisioterapia madrid,Sí
Clinicas Novastetic,Clínica especializada,"Calle de Goya, 30, Salamanca, 28001 Madrid",663 46 73 93,clinicasnovastetic.com,"4,7",339,Cerrado,"https://www.google.com/maps/place/Clinicas+Novastetic/@40.4379543,-3.6795367,11z/data=!3m1!5s0xd4228bd42c9d78b:0x80d56071cfe6092a!4m11!1m3!2m2!1scentros+de+est%C3%A9tica+avanzada+con+aparatolog%C3%ADa!6e1!3m6!1s0xe7147e65298ab05:0x8d73f292c1c77f4d!8m2!3d40.4248639!4d-3.6819938!15sCi9jZW50cm9zIGRlIGVzdMOpdGljYSBhdmFuemFkYSBjb24gYXBhcmF0b2xvZ8OtYVoxIi9jZW50cm9zIGRlIGVzdMOpdGljYSBhdmFuemFkYSBjb24gYXBhcmF0b2xvZ8OtYZIBEnNwZWNpYWxpemVkX2NsaW5pY5oBI0NoWkRTVWhOTUc5blMwVkpRMEZuU1VSWU1pMXhhVWxSRUFF4AEA-gEECAAQJg!16s%2Fg%2F11kbj7ftzt?entry=ttu&g_ep=EgoyMDI2MDQxMi4wIKXMDSoASAFQAw%3D%3D",40.4379543,-3.6795367,centros de estética avanzada con aparatología,Sí
Clinicas Novastetic,Clínica especializada,"Calle de Goya, 30, Salamanca, 28001 Madrid",663 46 73 93,clinicasnovastetic.com,"4,7",339,Cerrado,"https://www.google.com/maps/place/Clinicas+Novastetic/@40.4248639,-3.9703849,11z/data=!3m1!5s0xd4228bd42c9d78b:0x80d56071cfe6092a!4m11!1m3!2m2!1scentros+de+est%C3%A9tica+avanzada+con+aparatolog%C3%ADa!6e1!3m6!1s0xe7147e65298ab05:0x8d73f292c1c77f4d!8m2!3d40.4248639!4d-3.6819938!15sCi9jZW50cm9zIGRlIGVzdMOpdGljYSBhdmFuemFkYSBjb24gYXBhcmF0b2xvZ8OtYVoxIi9jZW50cm9zIGRlIGVzdMOpdGljYSBhdmFuemFkYSBjb24gYXBhcmF0b2xvZ8OtYZIBEnNwZWNpYWxpemVkX2NsaW5pY5oBI0NoWkRTVWhOTUc5blMwVkpRMEZuU1VSWU1pMXhhVWxSRUFF4AEA-gEECAAQJg!16s%2Fg%2F11kbj7ftzt?entry=ttu&g_ep=EgoyMDI2MDQxMi4wIKXMDSoASAFQAw%3D%3D",40.4248639,-3.9703849,centros de estética avanzada con aparatología,Sí
Clinicas Novastetic,Clínica especializada,"Calle de Goya, 30, Salamanca, 28001 Madrid",663 46 73 93,clinicasnovastetic.com,"4,7",339,Cerrado,"https://www.google.com/maps/place/Dermasana+Alonso+Mart%C3%ADnez/@40.4248639,-3.9703849,11z/data=!4m11!1m3!2m2!1scentros+de+est%C3%A9tica+avanzada+con+aparatolog%C3%ADa!6e1!3m6!1s0xd422936dc9f32b5:0xd6c5b612d47715f6!8m2!3d40.4276908!4d-3.6966477!15sCi9jZW50cm9zIGRlIGVzdMOpdGljYSBhdmFuemFkYSBjb24gYXBhcmF0b2xvZ8OtYVoxIi9jZW50cm9zIGRlIGVzdMOpdGljYSBhdmFuemFkYSBjb24gYXBhcmF0b2xvZ8OtYZIBGmxhc2VyX2hhaXJfcmVtb3ZhbF9zZXJ2aWNlmgEkQ2hkRFNVaE5NRzluUzBWSlEwRm5TVVJJZGw5ZmRYTm5SUkFC4AEA-gEECAAQSg!16s%2Fg%2F11py9pht0w?entry=ttu&g_ep=EgoyMDI2MDQxMi4wIKXMDSoASAFQAw%3D%3D",40.4248639,-3.9703849,centros de estética avanzada con aparatología,Sí
Clinicas Novastetic,Clínica especializada,"Calle de Goya, 30, Salamanca, 28001 Madrid",663 46 73 93,clinicasnovastetic.com,"4,7",339,Cerrado,"https://www.google.com/maps/place/Cl%C3%ADnica+MBA+-+Cl%C3%ADnica+Medicina+Est%C3%A9tica+y+Est%C3%A9tica/@40.4248639,-3.9703849,11z/data=!4m11!1m3!2m2!1scentros+de+est%C3%A9tica+avanzada+con+aparatolog%C3%ADa!6e1!3m6!1s0xd4229a967f88947:0xa149ab424e415955!8m2!3d40.4230012!4d-3.6786852!15sCi9jZW50cm9zIGRlIGVzdMOpdGljYSBhdmFuemFkYSBjb24gYXBhcmF0b2xvZ8OtYVoxIi9jZW50cm9zIGRlIGVzdMOpdGljYSBhdmFuemFkYSBjb24gYXBhcmF0b2xvZ8OtYZIBDGJlYXV0eV9zYWxvbpoBJENoZERTVWhOTUc5blMwVkpRMEZuU1VOZmJuSkRkMnhuUlJBQuABAPoBBAgAEDk!16s%2Fg%2F11mn8j3d7n?entry=ttu&g_ep=EgoyMDI2MDQxMi4wIKXMDSoASAFQAw%3D%3D",40.4248639,-3.9703849,centros de estética avanzada con aparatología,Sí
Clínica MBA - Clínica Medicina Estética y Estética,Centro de estética,"C. de Antonio Acuña, 3, Salamanca, 28009 Madrid",915 76 52 41,clinicamba.com,"4,7",285,Cerrado,"https://www.google.com/maps/place/Cl%C3%ADnica+MBA+-+Cl%C3%ADnica+Medicina+Est%C3%A9tica+y+Est%C3%A9tica/@40.4248639,-3.9703849,11z/data=!4m11!1m3!2m2!1scentros+de+est%C3%A9tica+avanzada+con+aparatolog%C3%ADa!6e1!3m6!1s0xd4229a967f88947:0xa149ab424e415955!8m2!3d40.4230012!4d-3.6786852!15sCi9jZW50cm9zIGRlIGVzdMOpdGljYSBhdmFuemFkYSBjb24gYXBhcmF0b2xvZ8OtYVoxIi9jZW50cm9zIGRlIGVzdMOpdGljYSBhdmFuemFkYSBjb24gYXBhcmF0b2xvZ8OtYZIBDGJlYXV0eV9zYWxvbpoBJENoZERTVWhOTUc5blMwVkpRMEZuU1VOZmJuSkRkMnhuUlJBQuABAPoBBAgAEDk!16s%2Fg%2F11mn8j3d7n?entry=ttu&g_ep=EgoyMDI2MDQxMi4wIKXMDSoASAFQAw%3D%3D",40.4248639,-3.9703849,centros de estética avanzada con aparatología,Sí
Clínica MBA - Clínica Medicina Estética y Estética,Centro de estética,"C. de Antonio Acuña, 3, Salamanca, 28009 Madrid",915 76 52 41,clinicamba.com,"4,7",285,Cerrado,"https://www.google.com/maps/place/Cl%C3%ADnica+MBA+-+Cl%C3%ADnica+Medicina+Est%C3%A9tica+y+Est%C3%A9tica/@40.4248639,-3.9703849,11z/data=!4m11!1m3!2m2!1scentros+de+est%C3%A9tica+avanzada+con+aparatolog%C3%ADa!6e1!3m6!1s0xd4229a967f88947:0xa149ab424e415955!8m2!3d40.4230012!4d-3.6786852!15sCi9jZW50cm9zIGRlIGVzdMOpdGljYSBhdmFuemFkYSBjb24gYXBhcmF0b2xvZ8OtYVoxIi9jZW50cm9zIGRlIGVzdMOpdGljYSBhdmFuemFkYSBjb24gYXBhcmF0b2xvZ8OtYZIBDGJlYXV0eV9zYWxvbpoBJENoZERTVWhOTUc5blMwVkpRMEZuU1VOZmJuSkRkMnhuUlJBQuABAPoBBAgAEDk!16s%2Fg%2F11mn8j3d7n?entry=ttu&g_ep=EgoyMDI2MDQxMi4wIKXMDSoASAFQAw%3D%3D",40.4248639,-3.9703849,centros de estética avanzada con aparatología,Sí
Clínica MBA - Clínica Medicina Estética y Estética,Centro de estética,"C. de Antonio Acuña, 3, Salamanca, 28009 Madrid",915 76 52 41,clinicamba.com,"4,7",285,Cerrado,"https://www.google.com/maps/place/Cl%C3%ADnica+MBA+-+Cl%C3%ADnica+Medicina+Est%C3%A9tica+y+Est%C3%A9tica/@40.4248639,-3.9703849,11z/data=!4m11!1m3!2m2!1scentros+de+est%C3%A9tica+avanzada+con+aparatolog%C3%ADa!6e1!3m6!1s0xd4229a967f88947:0xa149ab424e415955!8m2!3d40.4230012!4d-3.6786852!15sCi9jZW50cm9zIGRlIGVzdMOpdGljYSBhdmFuemFkYSBjb24gYXBhcmF0b2xvZ8OtYVoxIi9jZW50cm9zIGRlIGVzdMOpdGljYSBhdmFuemFkYSBjb24gYXBhcmF0b2xvZ8OtYZIBDGJlYXV0eV9zYWxvbpoBJENoZERTVWhOTUc5blMwVkpRMEZuU1VOZmJuSkRkMnhuUlJBQuABAPoBBAgAEDk!16s%2Fg%2F11mn8j3d7n?entry=ttu&g_ep=EgoyMDI2MDQxMi4wIKXMDSoASAFQAw%3D%3D",40.4248639,-3.9703849,centros de estética avanzada con aparatología,Sí
Clínica MBA - Clínica Medicina Estética y Estética,Centro de estética,"C. de Antonio Acuña, 3, Salamanca, 28009 Madrid",915 76 52 41,clinicamba.com,"4,7",285,Cerrado,"https://www.google.com/maps/place/Cl%C3%ADnica+MBA+-+Cl%C3%ADnica+Medicina+Est%C3%A9tica+y+Est%C3%A9tica/@40.4248639,-3.9703849,11z/data=!4m11!1m3!2m2!1scentros+de+est%C3%A9tica+avanzada+con+aparatolog%C3%ADa!6e1!3m6!1s0xd4229a967f88947:0xa149ab424e415955!8m2!3d40.4230012!4d-3.6786852!15sCi9jZW50cm9zIGRlIGVzdMOpdGljYSBhdmFuemFkYSBjb24gYXBhcmF0b2xvZ8OtYVoxIi9jZW50cm9zIGRlIGVzdMOpdGljYSBhdmFuemFkYSBjb24gYXBhcmF0b2xvZ8OtYZIBDGJlYXV0eV9zYWxvbpoBJENoZERTVWhOTUc5blMwVkpRMEZuU1VOZmJuSkRkMnhuUlJBQuABAPoBBAgAEDk!16s%2Fg%2F11mn8j3d7n?entry=ttu&g_ep=EgoyMDI2MDQxMi4wIKXMDSoASAFQAw%3D%3D",40.4248639,-3.9703849,centros de estética avanzada con aparatología,Sí
Clínica MBA - Clínica Medicina Estética y Estética,Centro de estética,"C. de Antonio Acuña, 3, Salamanca, 28009 Madrid",915 76 52 41,clinicamba.com,"4,7",285,Cerrado,"https://www.google.com/maps/place/Cl%C3%ADnica+MBA+-+Cl%C3%ADnica+Medicina+Est%C3%A9tica+y+Est%C3%A9tica/@40.4248639,-3.9703849,11z/data=!4m11!1m3!2m2!1scentros+de+est%C3%A9tica+avanzada+con+aparatolog%C3%ADa!6e1!3m6!1s0xd4229a967f88947:0xa149ab424e415955!8m2!3d40.4230012!4d-3.6786852!15sCi9jZW50cm9zIGRlIGVzdMOpdGljYSBhdmFuemFkYSBjb24gYXBhcmF0b2xvZ8OtYVoxIi9jZW50cm9zIGRlIGVzdMOpdGljYSBhdmFuemFkYSBjb24gYXBhcmF0b2xvZ8OtYZIBDGJlYXV0eV9zYWxvbpoBJENoZERTVWhOTUc5blMwVkpRMEZuU1VOZmJuSkRkMnhuUlJBQuABAPoBBAgAEDk!16s%2Fg%2F11mn8j3d7n?entry=ttu&g_ep=EgoyMDI2MDQxMi4wIKXMDSoASAFQAw%3D%3D",40.4248639,-3.9703849,centros de estética avanzada con aparatología,Sí
Clínica MBA - Clínica Medicina Estética y Estética,Centro de estética,"C. de Antonio Acuña, 3, Salamanca, 28009 Madrid",915 76 52 41,clinicamba.com,"4,7",285,Cerrado,"https://www.google.com/maps/place/Est%C3%A9tica+Valle/@40.4248639,-3.9703849,11z/data=!4m11!1m3!2m2!1scentros+de+est%C3%A9tica+avanzada+con+aparatolog%C3%ADa!6e1!3m6!1s0xd42293a82910d53:0xf30e2b8e4ff7c69e!8m2!3d40.4290165!4d-3.7031556!15sCi9jZW50cm9zIGRlIGVzdMOpdGljYSBhdmFuemFkYSBjb24gYXBhcmF0b2xvZ8OtYVoxIi9jZW50cm9zIGRlIGVzdMOpdGljYSBhdmFuemFkYSBjb24gYXBhcmF0b2xvZ8OtYZIBIWVsZWN0cm9seXNpc19oYWlyX3JlbW92YWxfc2VydmljZZoBI0NoWkRTVWhOTUc5blMwVk5Na3h0WkdacFgzWnROMlYzRUFF4AEA-gEECB8QIw!16s%2Fg%2F11g1ppj8fv?entry=ttu&g_ep=EgoyMDI2MDQxMi4wIKXMDSoASAFQAw%3D%3D",40.4248639,-3.9703849,centros de estética avanzada con aparatología,Sí
Estética Valle,Servicio de depilación por electrólisis,"C. de Carranza, 7, 3ª Puerta 4, Centro, Centro, 28004 Madrid",914 47 85 31,esteticavalle.es,"4,9",54,Cerrado,"https://www.google.com/maps/place/Hera+Beauty+-+Est%C3%A9tica+Avanzada/@40.4248639,-3.9703849,11z/data=!3m1!5s0xd42262efb525785:0x2015f43b3142b9c0!4m11!1m3!2m2!1scentros+de+est%C3%A9tica+avanzada+con+aparatolog%C3%ADa!6e1!3m6!1s0xd4227d36fc28eb7:0x92aacf871a3428c!8m2!3d40.4063038!4d-3.6958274!15sCi9jZW50cm9zIGRlIGVzdMOpdGljYSBhdmFuemFkYSBjb24gYXBhcmF0b2xvZ8OtYVoxIi9jZW50cm9zIGRlIGVzdMOpdGljYSBhdmFuemFkYSBjb24gYXBhcmF0b2xvZ8OtYZIBDGJlYXV0eV9zYWxvbpoBJENoZERTVWhOTUc5blMwVkpRMEZuU1VOT05rcDVRMjlSUlJBQuABAPoBBAgZEEA!16s%2Fg%2F11rpx1r5sn?entry=ttu&g_ep=EgoyMDI2MDQxMi4wIKXMDSoASAFQAw%3D%3D",40.4248639,-3.9703849,centros de estética avanzada con aparatología,Sí
Estética Valle,Servicio de depilación por electrólisis,"C. de Carranza, 7, 3ª Puerta 4, Centro, Centro, 28004 Madrid",914 47 85 31,esteticavalle.es,"4,9",54,Cerrado,"https://www.google.com/maps/place/CENTRO+S%26M/@40.4248639,-3.9703849,11z/data=!4m11!1m3!2m2!1scentros+de+est%C3%A9tica+avanzada+con+aparatolog%C3%ADa!6e1!3m6!1s0x4257c42ef58b9f6d:0xdba286fed560e455!8m2!3d40.4169548!4d-3.7056459!15sCi9jZW50cm9zIGRlIGVzdMOpdGljYSBhdmFuemFkYSBjb24gYXBhcmF0b2xvZ8OtYVoxIi9jZW50cm9zIGRlIGVzdMOpdGljYSBhdmFuemFkYSBjb24gYXBhcmF0b2xvZ8OtYZIBDGJlYXV0eV9zYWxvbpoBJENoZERTVWhOTUc5blMwVkpRMEZuU1VOYU1FOVliVFZuUlJBQuABAPoBBAgkEBQ!16s%2Fg%2F11kb19p2sj?entry=ttu&g_ep=EgoyMDI2MDQxMi4wIKXMDSoASAFQAw%3D%3D",40.4248639,-3.9703849,centros de estética avanzada con aparatología,Sí
Estética Valle,Servicio de depilación por electrólisis,"C. de Carranza, 7, 3ª Puerta 4, Centro, Centro, 28004 Madrid",914 47 85 31,esteticavalle.es,"4,9",54,Cerrado,"https://www.google.com/maps/place/Grupo+Est%C3%A9tico+-+Venta+de+equipos+de+est%C3%A9tica/@40.4248639,-3.9703849,11z/data=!4m11!1m3!2m2!1scentros+de+est%C3%A9tica+avanzada+con+aparatolog%C3%ADa!6e1!3m6!1s0xd4227002535d2cf:0x3741e38e0cd15ff!8m2!3d40.3938692!4d-3.7071907!15sCi9jZW50cm9zIGRlIGVzdMOpdGljYSBhdmFuemFkYSBjb24gYXBhcmF0b2xvZ8OtYVoxIi9jZW50cm9zIGRlIGVzdMOpdGljYSBhdmFuemFkYSBjb24gYXBhcmF0b2xvZ8OtYZIBEWdvdmVybm1lbnRfb2ZmaWNlmgFEQ2k5RFFVbFJRVU52WkVOb2RIbGpSamx2VDIxNFRGWllVbkZpYWxaYVVXeE9kR0pVU25wVGVsWm9ZM3BHUjFZeVl4QULgAQD6AQUImAIQRw!16s%2Fg%2F11y4_yb8m0?entry=ttu&g_ep=EgoyMDI2MDQxMi4wIKXMDSoASAFQAw%3D%3D",40.4248639,-3.9703849,centros de estética avanzada con aparatología,Sí
Estética Valle,Servicio de depilación por electrólisis,"C. de Carranza, 7, 3ª Puerta 4, Centro, Centro, 28004 Madrid",914 47 85 31,esteticavalle.es,"4,9",54,Cerrado,"https://www.google.com/maps/place/Cl%C3%ADnica+Est%C3%A9tica+Madrid+Centro+SAPPHIRA+PRIV%C3%89/@40.4248639,-3.9703849,11z/data=!4m11!1m3!2m2!1scentros+de+est%C3%A9tica+avanzada+con+aparatolog%C3%ADa!6e1!3m6!1s0xd42274c3ba9dfcb:0x35814bd7efe4e9b4!8m2!3d40.4104672!4d-3.7057297!15sCi9jZW50cm9zIGRlIGVzdMOpdGljYSBhdmFuemFkYSBjb24gYXBhcmF0b2xvZ8OtYVoxIi9jZW50cm9zIGRlIGVzdMOpdGljYSBhdmFuemFkYSBjb24gYXBhcmF0b2xvZ8OtYZIBDGJlYXV0eV9zYWxvbpoBJENoZERTVWhOTUc5blMwVlFZVTVmWDBSM01UYzJMVFpuUlJBQuABAPoBBQinARBE!16s%2Fg%2F11pl0d_sjy?entry=ttu&g_ep=EgoyMDI2MDQxMi4wIKXMDSoASAFQAw%3D%3D",40.4248639,-3.9703849,centros de estética avanzada con aparatología,Sí
Estética Valle,Servicio de depilación por electrólisis,"C. de Carranza, 7, 3ª Puerta 4, Centro, Centro, 28004 Madrid",914 47 85 31,esteticavalle.es,"4,9",54,Cerrado,"https://www.google.com/maps/place/Encarna+Padilla+-+Centro+de+Est%C3%A9tica+Avanzada/@40.4248639,-3.9703849,11z/data=!4m11!1m3!2m2!1scentros+de+est%C3%A9tica+avanzada+con+aparatolog%C3%ADa!6e1!3m6!1s0xd422915b82a1c2d:0x8fc247519ad6aaa0!8m2!3d40.4165193!4d-3.6749987!15sCi9jZW50cm9zIGRlIGVzdMOpdGljYSBhdmFuemFkYSBjb24gYXBhcmF0b2xvZ8OtYVoxIi9jZW50cm9zIGRlIGVzdMOpdGljYSBhdmFuemFkYSBjb24gYXBhcmF0b2xvZ8OtYZIBDGJlYXV0eV9zYWxvbpoBI0NoWkRTVWhOTUc5blMwVkpRMEZuU1VOUGRYQmhYMU4zRUFF4AEA-gEECAAQNA!16s%2Fg%2F11nnlfm4dm?entry=ttu&g_ep=EgoyMDI2MDQxMi4wIKXMDSoASAFQAw%3D%3D",40.4248639,-3.9703849,centros de estética avanzada con aparatología,Sí
ESTETICA AVANZADA NOMAD,Centro de estética,"C. de José Ortega y Gasset, 70, Salamanca, 28006 Madrid",682 47 68 91,,"4,7",303,Cerrado,"https://www.google.com/maps/place/ESTETICA+AVANZADA+NOMAD/@40.4248639,-3.9703849,11z/data=!4m11!1m3!2m2!1scentros+de+est%C3%A9tica+avanzada+con+aparatolog%C3%ADa!6e1!3m6!1s0xd42291edf47330b:0xbc9e50a73e9e689d!8m2!3d40.4296369!4d-3.6743864!15sCi9jZW50cm9zIGRlIGVzdMOpdGljYSBhdmFuemFkYSBjb24gYXBhcmF0b2xvZ8OtYVoxIi9jZW50cm9zIGRlIGVzdMOpdGljYSBhdmFuemFkYSBjb24gYXBhcmF0b2xvZ8OtYZIBDGJlYXV0eV9zYWxvbpoBJENoZERTVWhOTUc5blMwVkpRMEZuU1VSNGRVeFFUakozUlJBQuABAPoBBQjdARBJ!16s%2Fg%2F11smv3_rwc?entry=ttu&g_ep=EgoyMDI2MDQxMi4wIKXMDSoASAFQAw%3D%3D",40.4248639,-3.9703849,centros de estética avanzada con aparatología,No
Felicidad Carrera Centro de Estética,Centro de estética,"Calle de Castelló, 67, Salamanca, 28001 Madrid",914 35 17 24,felicidadcarrera.com,"4,3",268,,"https://www.google.com/maps/place/Felicidad+Carrera+Centro+de+Est%C3%A9tica/@40.4248639,-3.9703849,11z/data=!4m11!1m3!2m2!1scentros+de+est%C3%A9tica+avanzada+con+aparatolog%C3%ADa!6e1!3m6!1s0xd4228be0cc37579:0xe0de4312af46d839!8m2!3d40.4292996!4d-3.6812112!15sCi9jZW50cm9zIGRlIGVzdMOpdGljYSBhdmFuemFkYSBjb24gYXBhcmF0b2xvZ8OtYVoxIi9jZW50cm9zIGRlIGVzdMOpdGljYSBhdmFuemFkYSBjb24gYXBhcmF0b2xvZ8OtYZIBDGJlYXV0eV9zYWxvbpoBRENpOURRVWxSUVVOdlpFTm9kSGxqUmpsdlQydG9OR1JwTVcxTlZUUjVXa2RHVkZaSGJGSldSemxyWWpFNVJWSnRZeEFC4AEA-gEECEQQNQ!16s%2Fg%2F1tppt8c3?entry=ttu&g_ep=EgoyMDI2MDQxMi4wIKXMDSoASAFQAw%3D%3D",40.4248639,-3.9703849,centros de estética avanzada con aparatología,Sí
Felicidad Carrera Centro de Estética,Centro de estética,"Calle de Castelló, 67, Salamanca, 28001 Madrid",914 35 17 24,felicidadcarrera.com,"4,3",268,Cerrado,"https://www.google.com/maps/place/Le+Lab+Centro+M%C3%A9dico+Est%C3%A9tico/@40.4248639,-3.9703849,11z/data=!4m11!1m3!2m2!1scentros+de+est%C3%A9tica+avanzada+con+aparatolog%C3%ADa!6e1!3m6!1s0xd4228c7687e191b:0x33225ba429584e93!8m2!3d40.434745!4d-3.676112!15sCi9jZW50cm9zIGRlIGVzdMOpdGljYSBhdmFuemFkYSBjb24gYXBhcmF0b2xvZ8OtYZIBDm1lZGljYWxfY2VudGVy4AEA!16s%2Fg%2F11bwnxg5wn?entry=ttu&g_ep=EgoyMDI2MDQxMi4wIKXMDSoASAFQAw%3D%3D",40.4248639,-3.9703849,centros de estética avanzada con aparatología,Sí
Le Lab Centro Médico Estético,Centro médico,"Calle de Diego de León, 59, Salamanca, 28006 Madrid",910 70 33 09,lelab.es,"4,7",14,Cerrado,"https://www.google.com/maps/place/Le+Lab+Centro+M%C3%A9dico+Est%C3%A9tico/@40.4248639,-3.9703849,11z/data=!4m11!1m3!2m2!1scentros+de+est%C3%A9tica+avanzada+con+aparatolog%C3%ADa!6e1!3m6!1s0xd4228c7687e191b:0x33225ba429584e93!8m2!3d40.434745!4d-3.676112!15sCi9jZW50cm9zIGRlIGVzdMOpdGljYSBhdmFuemFkYSBjb24gYXBhcmF0b2xvZ8OtYZIBDm1lZGljYWxfY2VudGVy4AEA!16s%2Fg%2F11bwnxg5wn?entry=ttu&g_ep=EgoyMDI2MDQxMi4wIKXMDSoASAFQAw%3D%3D",40.4248639,-3.9703849,centros de estética avanzada con aparatología,Sí
Le Lab Centro Médico Estético,Centro médico,"Calle de Diego de León, 59, Salamanca, 28006 Madrid",910 70 33 09,lelab.es,"4,7",14,Cerrado,"https://www.google.com/maps/place/Le+Lab+Centro+M%C3%A9dico+Est%C3%A9tico/@40.4248639,-3.9703849,11z/data=!4m11!1m3!2m2!1scentros+de+est%C3%A9tica+avanzada+con+aparatolog%C3%ADa!6e1!3m6!1s0xd4228c7687e191b:0x33225ba429584e93!8m2!3d40.434745!4d-3.676112!15sCi9jZW50cm9zIGRlIGVzdMOpdGljYSBhdmFuemFkYSBjb24gYXBhcmF0b2xvZ8OtYZIBDm1lZGljYWxfY2VudGVy4AEA!16s%2Fg%2F11bwnxg5wn?entry=ttu&g_ep=EgoyMDI2MDQxMi4wIKXMDSoASAFQAw%3D%3D",40.4248639,-3.9703849,centros de estética avanzada con aparatología,Sí
Láserum Madrid - Chueca | Depilación Láser Diodo,Centro de depilación láser,"C. de S. Gregorio, 15, Centro, 28004 Madrid",671 77 02 93,laserum.com,"4,9",1840,Cerrado,"https://www.google.com/maps/place/L%C3%A1serum+Madrid+-+Chueca+%7C+Depilaci%C3%B3n+L%C3%A1ser+Diodo/@40.4379543,-3.6795367,11z/data=!4m11!1m3!2m2!1scentros+de+depilaci%C3%B3n+l%C3%A1ser+en+Madrid!6e1!3m6!1s0xd422912d2e50a6f:0xfdfed2e6d688903d!8m2!3d40.4238986!4d-3.6973309!15sCidjZW50cm9zIGRlIGRlcGlsYWNpw7NuIGzDoXNlciBlbiBNYWRyaWRaKSInY2VudHJvcyBkZSBkZXBpbGFjacOzbiBsw6FzZXIgZW4gbWFkcmlkkgEabGFzZXJfaGFpcl9yZW1vdmFsX3NlcnZpY2WaASNDaFpEU1VoTk1HOW5TMFZKUTBGblNVTjZlalZmWkdKUkVBReABAPoBBAgAEEM!16s%2Fg%2F11h_7nvc_2?entry=ttu&g_ep=EgoyMDI2MDQxMi4wIKXMDSoASAFQAw%3D%3D",40.4379543,-3.6795367,centros de depilación láser en Madrid,Sí
Láserum Madrid - Chueca | Depilación Láser Diodo,Centro de depilación láser,"C. de S. Gregorio, 15, Centro, 28004 Madrid",671 77 02 93,laserum.com,"4,9",1840,Cerrado,"https://www.google.com/maps/place/L%C3%A1serum+Madrid+-+Chueca+%7C+Depilaci%C3%B3n+L%C3%A1ser+Diodo/@40.4238986,-3.985722,11z/data=!4m11!1m3!2m2!1scentros+de+depilaci%C3%B3n+l%C3%A1ser+en+Madrid!6e1!3m6!1s0xd422912d2e50a6f:0xfdfed2e6d688903d!8m2!3d40.4238986!4d-3.6973309!15sCidjZW50cm9zIGRlIGRlcGlsYWNpw7NuIGzDoXNlciBlbiBNYWRyaWRaKSInY2VudHJvcyBkZSBkZXBpbGFjacOzbiBsw6FzZXIgZW4gbWFkcmlkkgEabGFzZXJfaGFpcl9yZW1vdmFsX3NlcnZpY2WaASNDaFpEU1VoTk1HOW5TMFZKUTBGblNVTjZlalZmWkdKUkVBReABAPoBBAgAEEM!16s%2Fg%2F11h_7nvc_2?entry=ttu&g_ep=EgoyMDI2MDQxMi4wIKXMDSoASAFQAw%3D%3D",40.4238986,-3.985722,centros de depilación láser en Madrid,Sí
Láserum Madrid - Chueca | Depilación Láser Diodo,Centro de depilación láser,"C. de S. Gregorio, 15, Centro, 28004 Madrid",671 77 02 93,laserum.com,"4,9",1840,Cerrado,"https://www.google.com/maps/place/The+Secret+Lab+-+Centro+de+est%C3%A9tica+Madrid/@40.4238986,-3.985722,11z/data=!4m11!1m3!2m2!1scentros+de+depilaci%C3%B3n+l%C3%A1ser+en+Madrid!6e1!3m6!1s0xd42288de4a426c9:0xa97018344b6251b3!8m2!3d40.427116!4d-3.693603!15sCidjZW50cm9zIGRlIGRlcGlsYWNpw7NuIGzDoXNlciBlbiBNYWRyaWRaKSInY2VudHJvcyBkZSBkZXBpbGFjacOzbiBsw6FzZXIgZW4gbWFkcmlkkgEMYmVhdXR5X3NhbG9umgEjQ2haRFNVaE5NRzluUzBWSlEwRm5TVU5zZVUxaE5rOUJFQUXgAQD6AQUI_AEQLg!16s%2Fg%2F11c45frg0z?entry=ttu&g_ep=EgoyMDI2MDQxMi4wIKXMDSoASAFQAw%3D%3D",40.4238986,-3.985722,centros de depilación láser en Madrid,Sí
Láserum Madrid - Chueca | Depilación Láser Diodo,Centro de depilación láser,"C. de S. Gregorio, 15, Centro, 28004 Madrid",671 77 02 93,laserum.com,"4,9",1840,Cerrado,"https://www.google.com/maps/place/Dermasana+Alonso+Mart%C3%ADnez/@40.4238986,-3.985722,11z/data=!4m11!1m3!2m2!1scentros+de+depilaci%C3%B3n+l%C3%A1ser+en+Madrid!6e1!3m6!1s0xd422936dc9f32b5:0xd6c5b612d47715f6!8m2!3d40.4276908!4d-3.6966477!15sCidjZW50cm9zIGRlIGRlcGlsYWNpw7NuIGzDoXNlciBlbiBNYWRyaWRaKSInY2VudHJvcyBkZSBkZXBpbGFjacOzbiBsw6FzZXIgZW4gbWFkcmlkkgEabGFzZXJfaGFpcl9yZW1vdmFsX3NlcnZpY2WaAURDaTlEUVVsUlFVTnZaRU5vZEhsalJqbHZUMnc1YzJKWVZraFphbEpxVW10U1VtUlViRzVNVlZKSlpIcFdORlp0WXhBQuABAPoBBAgAEEY!16s%2Fg%2F11py9pht0w?entry=ttu&g_ep=EgoyMDI2MDQxMi4wIKXMDSoASAFQAw%3D%3D",40.4238986,-3.985722,centros de depilación láser en Madrid,Sí
Láserum Madrid - Chueca | Depilación Láser Diodo,Centro de depilación láser,"C. de S. Gregorio, 15, Centro, 28004 Madrid",671 77 02 93,laserum.com,"4,9",1840,Cerrado,"https://www.google.com/maps/place/Cl%C3%ADnica+Blue+Moon/@40.4238986,-3.985722,11z/data=!4m11!1m3!2m2!1scentros+de+depilaci%C3%B3n+l%C3%A1ser+en+Madrid!6e1!3m6!1s0xd42289a2645b3fd:0xd0877e62ef5168a5!8m2!3d40.4217377!4d-3.6878033!15sCidjZW50cm9zIGRlIGRlcGlsYWNpw7NuIGzDoXNlciBlbiBNYWRyaWRaKSInY2VudHJvcyBkZSBkZXBpbGFjacOzbiBsw6FzZXIgZW4gbWFkcmlkkgEKYmVhdXRpY2lhbpoBJENoZERTVWhOTUc5blMwVkpRMEZuU1VOUGFUVkxSM2RCUlJBQuABAPoBBAhFED4!16s%2Fg%2F1hc3srq11?entry=ttu&g_ep=EgoyMDI2MDQxMi4wIKXMDSoASAFQAw%3D%3D",40.4238986,-3.985722,centros de depilación láser en Madrid,Sí
Láserum Madrid - Chueca | Depilación Láser Diodo,Centro de depilación láser,"C. de S. Gregorio, 15, Centro, 28004 Madrid",671 77 02 93,laserum.com,"4,9",1840,Cerrado,"https://www.google.com/maps/place/Cl%C3%ADnica+Blue+Moon/@40.4238986,-3.985722,11z/data=!4m11!1m3!2m2!1scentros+de+depilaci%C3%B3n+l%C3%A1ser+en+Madrid!6e1!3m6!1s0xd42289a2645b3fd:0xd0877e62ef5168a5!8m2!3d40.4217377!4d-3.6878033!15sCidjZW50cm9zIGRlIGRlcGlsYWNpw7NuIGzDoXNlciBlbiBNYWRyaWRaKSInY2VudHJvcyBkZSBkZXBpbGFjacOzbiBsw6FzZXIgZW4gbWFkcmlkkgEKYmVhdXRpY2lhbpoBJENoZERTVWhOTUc5blMwVkpRMEZuU1VOUGFUVkxSM2RCUlJBQuABAPoBBAhFED4!16s%2Fg%2F1hc3srq11?entry=ttu&g_ep=EgoyMDI2MDQxMi4wIKXMDSoASAFQAw%3D%3D",40.4238986,-3.985722,centros de depilación láser en Madrid,Sí
Láserum Madrid-Callao | Depilación Láser Diodo,Centro de depilación láser,"C. de Preciados, 23 - 1, Izquierda, Centro, 28013 Madrid",617 99 97 89,laserum.com,"4,9",1518,Cerrado,"https://www.google.com/maps/place/L%C3%A1serum+Madrid-Callao+%7C+Depilaci%C3%B3n+L%C3%A1ser+Diodo/@40.4238986,-3.985722,11z/data=!4m11!1m3!2m2!1scentros+de+depilaci%C3%B3n+l%C3%A1ser+en+Madrid!6e1!3m6!1s0xd42291c7eeea32f:0x4736de76624e2d5f!8m2!3d40.4191511!4d-3.7056032!15sCidjZW50cm9zIGRlIGRlcGlsYWNpw7NuIGzDoXNlciBlbiBNYWRyaWRaKSInY2VudHJvcyBkZSBkZXBpbGFjacOzbiBsw6FzZXIgZW4gbWFkcmlkkgEabGFzZXJfaGFpcl9yZW1vdmFsX3NlcnZpY2WaASRDaGREU1VoTk1HOW5TMFZKUTBGblNVUm9lbkJVVjNWQlJSQULgAQD6AQQIABBB!16s%2Fg%2F11qh3h110p?entry=ttu&g_ep=EgoyMDI2MDQxMi4wIKXMDSoASAFQAw%3D%3D",40.4238986,-3.985722,centros de depilación láser en Madrid,Sí
Láserum Madrid-Callao | Depilación Láser Diodo,Centro de depilación láser,"C. de Preciados, 23 - 1, Izquierda, Centro, 28013 Madrid",617 99 97 89,laserum.com,"4,9",1518,Cerrado,"https://www.google.com/maps/place/L%C3%A1serum+Madrid-Callao+%7C+Depilaci%C3%B3n+L%C3%A1ser+Diodo/@40.4238986,-3.985722,11z/data=!4m11!1m3!2m2!1scentros+de+depilaci%C3%B3n+l%C3%A1ser+en+Madrid!6e1!3m6!1s0xd42291c7eeea32f:0x4736de76624e2d5f!8m2!3d40.4191511!4d-3.7056032!15sCidjZW50cm9zIGRlIGRlcGlsYWNpw7NuIGzDoXNlciBlbiBNYWRyaWRaKSInY2VudHJvcyBkZSBkZXBpbGFjacOzbiBsw6FzZXIgZW4gbWFkcmlkkgEabGFzZXJfaGFpcl9yZW1vdmFsX3NlcnZpY2WaASRDaGREU1VoTk1HOW5TMFZKUTBGblNVUm9lbkJVVjNWQlJSQULgAQD6AQQIABBB!16s%2Fg%2F11qh3h110p?entry=ttu&g_ep=EgoyMDI2MDQxMi4wIKXMDSoASAFQAw%3D%3D",40.4238986,-3.985722,centros de depilación láser en Madrid,Sí
Láserum Madrid-Callao | Depilación Láser Diodo,Centro de depilación láser,"C. de Preciados, 23 - 1, Izquierda, Centro, 28013 Madrid",617 99 97 89,laserum.com,"4,9",1518,Cerrado,"https://www.google.com/maps/place/L%C3%A1serum+Madrid-Callao+%7C+Depilaci%C3%B3n+L%C3%A1ser+Diodo/@40.4238986,-3.985722,11z/data=!4m11!1m3!2m2!1scentros+de+depilaci%C3%B3n+l%C3%A1ser+en+Madrid!6e1!3m6!1s0xd42291c7eeea32f:0x4736de76624e2d5f!8m2!3d40.4191511!4d-3.7056032!15sCidjZW50cm9zIGRlIGRlcGlsYWNpw7NuIGzDoXNlciBlbiBNYWRyaWRaKSInY2VudHJvcyBkZSBkZXBpbGFjacOzbiBsw6FzZXIgZW4gbWFkcmlkkgEabGFzZXJfaGFpcl9yZW1vdmFsX3NlcnZpY2WaASRDaGREU1VoTk1HOW5TMFZKUTBGblNVUm9lbkJVVjNWQlJSQULgAQD6AQQIABBB!16s%2Fg%2F11qh3h110p?entry=ttu&g_ep=EgoyMDI2MDQxMi4wIKXMDSoASAFQAw%3D%3D",40.4238986,-3.985722,centros de depilación láser en Madrid,Sí
Láserum Madrid-Callao | Depilación Láser Diodo,Centro de depilación láser,"C. de Preciados, 23 - 1, Izquierda, Centro, 28013 Madrid",617 99 97 89,laserum.com,"4,9",1518,Cerrado,"https://www.google.com/maps/place/Lab+Vanitas+-+Centro+M%C3%A9dico+Est%C3%A9tico+en+Recoletos,+Madrid/@40.4238986,-3.985722,11z/data=!4m11!1m3!2m2!1scentros+de+depilaci%C3%B3n+l%C3%A1ser+en+Madrid!6e1!3m6!1s0xd422960e28a5ba5:0x242490dd7f76c31b!8m2!3d40.4230802!4d-3.6867836!15sCidjZW50cm9zIGRlIGRlcGlsYWNpw7NuIGzDoXNlciBlbiBNYWRyaWRaKSInY2VudHJvcyBkZSBkZXBpbGFjacOzbiBsw6FzZXIgZW4gbWFkcmlkkgEMYmVhdXR5X3NhbG9umgEjQ2haRFNVaE5NRzluUzBWSlEwRm5TVU5tYjJZM1VFcFJFQUXgAQD6AQQIdxBH!16s%2Fg%2F11p56qpbcd?entry=ttu&g_ep=EgoyMDI2MDQxMi4wIKXMDSoASAFQAw%3D%3D",40.4238986,-3.985722,centros de depilación láser en Madrid,Sí
Centro Médico Estético Lajo Rosso,Centro médico,"C. de Serrano, 20, 1º Izda, Salamanca, 28001 Madrid",913 60 08 53,centromedicolajoplaza.com,"3,6",17,Cerrado,"https://www.google.com/maps/place/Centro+M%C3%A9dico+Est%C3%A9tico+Lajo+Rosso/@40.4238986,-3.985722,11z/data=!3m1!5s0xd42289a014519af:0x8c90cff356f5cc5d!4m11!1m3!2m2!1scentros+de+depilaci%C3%B3n+l%C3%A1ser+en+Madrid!6e1!3m6!1s0xd42262780afbcaf:0xb7ed2763f9244c69!8m2!3d40.4232308!4d-3.6878913!15sCidjZW50cm9zIGRlIGRlcGlsYWNpw7NuIGzDoXNlciBlbiBNYWRyaWRaKSInY2VudHJvcyBkZSBkZXBpbGFjacOzbiBsw6FzZXIgZW4gbWFkcmlkkgEObWVkaWNhbF9jZW50ZXKaASRDaGREU1VoTk1HOW5TMFZKUTBGblNVTjZObkp0U1RsM1JSQULgAQD6AQUIrQEQEw!16s%2Fg%2F1tjz97pc?entry=ttu&g_ep=EgoyMDI2MDQxMi4wIKXMDSoASAFQAw%3D%3D",40.4238986,-3.985722,centros de depilación láser en Madrid,Sí
Centro Médico Estético Lajo Rosso,Centro médico,"C. de Serrano, 20, 1º Izda, Salamanca, 28001 Madrid",913 60 08 53,centromedicolajoplaza.com,"3,6",17,Cerrado,"https://www.google.com/maps/place/Templa+Medical+%7C+Cl%C3%ADnica+Medicina+Est%C3%A9tica+en+Madrid/@40.4238986,-3.985722,11z/data=!3m1!5s0xd4228894cbcc9f9:0x773fd05cdaae83b1!4m11!1m3!2m2!1scentros+de+depilaci%C3%B3n+l%C3%A1ser+en+Madrid!6e1!3m6!1s0xd42299319489615:0xf9caa783fec10332!8m2!3d40.4273442!4d-3.6946158!15sCidjZW50cm9zIGRlIGRlcGlsYWNpw7NuIGzDoXNlciBlbiBNYWRyaWRaKSInY2VudHJvcyBkZSBkZXBpbGFjacOzbiBsw6FzZXIgZW4gbWFkcmlkkgEMYmVhdXR5X3NhbG9umgFEQ2k5RFFVbFJRVU52WkVOb2RIbGpSamx2VDIxMGVtTkVUakJpVlhCRlZURldVbFV4Vm5sU1ZscE5Wa2M1U1Zwc1JSQULgAQD6AQQIERBD!16s%2Fg%2F11kpr5z_sg?entry=ttu&g_ep=EgoyMDI2MDQxMi4wIKXMDSoASAFQAw%3D%3D",40.4238986,-3.985722,centros de depilación láser en Madrid,Sí
Templa Medical | Clínica Medicina Estética en Madrid,Centro de estética,"Calle de Génova, 7, Chamberí, 28004 Madrid",919 55 01 77,templa.es,"4,7",149,Cerrado,"https://www.google.com/maps/place/Templa+Medical+%7C+Cl%C3%ADnica+Medicina+Est%C3%A9tica+en+Madrid/@40.4238986,-3.985722,11z/data=!3m1!5s0xd4228894cbcc9f9:0x773fd05cdaae83b1!4m11!1m3!2m2!1scentros+de+depilaci%C3%B3n+l%C3%A1ser+en+Madrid!6e1!3m6!1s0xd42299319489615:0xf9caa783fec10332!8m2!3d40.4273442!4d-3.6946158!15sCidjZW50cm9zIGRlIGRlcGlsYWNpw7NuIGzDoXNlciBlbiBNYWRyaWRaKSInY2VudHJvcyBkZSBkZXBpbGFjacOzbiBsw6FzZXIgZW4gbWFkcmlkkgEMYmVhdXR5X3NhbG9umgFEQ2k5RFFVbFJRVU52WkVOb2RIbGpSamx2VDIxMGVtTkVUakJpVlhCRlZURldVbFV4Vm5sU1ZscE5Wa2M1U1Zwc1JSQULgAQD6AQQIERBD!16s%2Fg%2F11kpr5z_sg?entry=ttu&g_ep=EgoyMDI2MDQxMi4wIKXMDSoASAFQAw%3D%3D",40.4238986,-3.985722,centros de depilación láser en Madrid,Sí
Templa Medical | Clínica Medicina Estética en Madrid,Centro de estética,"Calle de Génova, 7, Chamberí, 28004 Madrid",919 55 01 77,templa.es,"4,7",149,Cerrado,"https://www.google.com/maps/place/Templa+Medical+%7C+Cl%C3%ADnica+Medicina+Est%C3%A9tica+en+Madrid/@40.4238986,-3.985722,11z/data=!3m1!5s0xd4228894cbcc9f9:0x773fd05cdaae83b1!4m11!1m3!2m2!1scentros+de+depilaci%C3%B3n+l%C3%A1ser+en+Madrid!6e1!3m6!1s0xd42299319489615:0xf9caa783fec10332!8m2!3d40.4273442!4d-3.6946158!15sCidjZW50cm9zIGRlIGRlcGlsYWNpw7NuIGzDoXNlciBlbiBNYWRyaWRaKSInY2VudHJvcyBkZSBkZXBpbGFjacOzbiBsw6FzZXIgZW4gbWFkcmlkkgEMYmVhdXR5X3NhbG9umgFEQ2k5RFFVbFJRVU52WkVOb2RIbGpSamx2VDIxMGVtTkVUakJpVlhCRlZURldVbFV4Vm5sU1ZscE5Wa2M1U1Zwc1JSQULgAQD6AQQIERBD!16s%2Fg%2F11kpr5z_sg?entry=ttu&g_ep=EgoyMDI2MDQxMi4wIKXMDSoASAFQAw%3D%3D",40.4238986,-3.985722,centros de depilación láser en Madrid,Sí
Templa Medical | Clínica Medicina Estética en Madrid,Centro de estética,"Calle de Génova, 7, Chamberí, 28004 Madrid",919 55 01 77,templa.es,"4,7",149,Cerrado,"https://www.google.com/maps/place/Templa+Medical+%7C+Cl%C3%ADnica+Medicina+Est%C3%A9tica+en+Madrid/@40.4238986,-3.985722,11z/data=!3m1!5s0xd4228894cbcc9f9:0x773fd05cdaae83b1!4m11!1m3!2m2!1scentros+de+depilaci%C3%B3n+l%C3%A1ser+en+Madrid!6e1!3m6!1s0xd42299319489615:0xf9caa783fec10332!8m2!3d40.4273442!4d-3.6946158!15sCidjZW50cm9zIGRlIGRlcGlsYWNpw7NuIGzDoXNlciBlbiBNYWRyaWRaKSInY2VudHJvcyBkZSBkZXBpbGFjacOzbiBsw6FzZXIgZW4gbWFkcmlkkgEMYmVhdXR5X3NhbG9umgFEQ2k5RFFVbFJRVU52WkVOb2RIbGpSamx2VDIxMGVtTkVUakJpVlhCRlZURldVbFV4Vm5sU1ZscE5Wa2M1U1Zwc1JSQULgAQD6AQQIERBD!16s%2Fg%2F11kpr5z_sg?entry=ttu&g_ep=EgoyMDI2MDQxMi4wIKXMDSoASAFQAw%3D%3D",40.4238986,-3.985722,centros de depilación láser en Madrid,Sí
Templa Medical | Clínica Medicina Estética en Madrid,Centro de estética,"Calle de Génova, 7, Chamberí, 28004 Madrid",919 55 01 77,templa.es,"4,7",149,Cerrado,"https://www.google.com/maps/place/Templa+Medical+%7C+Cl%C3%ADnica+Medicina+Est%C3%A9tica+en+Madrid/@40.4238986,-3.985722,11z/data=!3m1!5s0xd4228894cbcc9f9:0x773fd05cdaae83b1!4m11!1m3!2m2!1scentros+de+depilaci%C3%B3n+l%C3%A1ser+en+Madrid!6e1!3m6!1s0xd42299319489615:0xf9caa783fec10332!8m2!3d40.4273442!4d-3.6946158!15sCidjZW50cm9zIGRlIGRlcGlsYWNpw7NuIGzDoXNlciBlbiBNYWRyaWRaKSInY2VudHJvcyBkZSBkZXBpbGFjacOzbiBsw6FzZXIgZW4gbWFkcmlkkgEMYmVhdXR5X3NhbG9umgFEQ2k5RFFVbFJRVU52WkVOb2RIbGpSamx2VDIxMGVtTkVUakJpVlhCRlZURldVbFV4Vm5sU1ZscE5Wa2M1U1Zwc1JSQULgAQD6AQQIERBD!16s%2Fg%2F11kpr5z_sg?entry=ttu&g_ep=EgoyMDI2MDQxMi4wIKXMDSoASAFQAw%3D%3D",40.4238986,-3.985722,centros de depilación láser en Madrid,Sí
Templa Medical | Clínica Medicina Estética en Madrid,Centro de estética,"Calle de Génova, 7, Chamberí, 28004 Madrid",919 55 01 77,templa.es,"4,7",149,Cerrado,"https://www.google.com/maps/place/Templa+Medical+%7C+Cl%C3%ADnica+Medicina+Est%C3%A9tica+en+Madrid/@40.4238986,-3.985722,11z/data=!3m1!5s0xd4228894cbcc9f9:0x773fd05cdaae83b1!4m11!1m3!2m2!1scentros+de+depilaci%C3%B3n+l%C3%A1ser+en+Madrid!6e1!3m6!1s0xd42299319489615:0xf9caa783fec10332!8m2!3d40.4273442!4d-3.6946158!15sCidjZW50cm9zIGRlIGRlcGlsYWNpw7NuIGzDoXNlciBlbiBNYWRyaWRaKSInY2VudHJvcyBkZSBkZXBpbGFjacOzbiBsw6FzZXIgZW4gbWFkcmlkkgEMYmVhdXR5X3NhbG9umgFEQ2k5RFFVbFJRVU52WkVOb2RIbGpSamx2VDIxMGVtTkVUakJpVlhCRlZURldVbFV4Vm5sU1ZscE5Wa2M1U1Zwc1JSQULgAQD6AQQIERBD!16s%2Fg%2F11kpr5z_sg?entry=ttu&g_ep=EgoyMDI2MDQxMi4wIKXMDSoASAFQAw%3D%3D",40.4238986,-3.985722,centros de depilación láser en Madrid,Sí
Templa Medical | Clínica Medicina Estética en Madrid,Centro de estética,"Calle de Génova, 7, Chamberí, 28004 Madrid",919 55 01 77,templa.es,"4,7",149,Cerrado,"https://www.google.com/maps/place/Centro+de+Est%C3%A9tica+Carmen+Navarro+M.+Esquinza/@40.4238986,-3.985722,11z/data=!4m11!1m3!2m2!1scentros+de+depilaci%C3%B3n+l%C3%A1ser+en+Madrid!6e1!3m6!1s0xd422891dbe94d99:0x217310e483a9f3fa!8m2!3d40.4268384!4d-3.6923793!15sCidjZW50cm9zIGRlIGRlcGlsYWNpw7NuIGzDoXNlciBlbiBNYWRyaWRaKSInY2VudHJvcyBkZSBkZXBpbGFjacOzbiBsw6FzZXIgZW4gbWFkcmlkkgEMYmVhdXR5X3NhbG9umgEjQ2haRFNVaE5NRzluUzBWSlEwRm5TVU10YlRWVFpWVjNFQUXgAQD6AQUIjAEQOA!16s%2Fg%2F11fy9q708w?entry=ttu&g_ep=EgoyMDI2MDQxMi4wIKXMDSoASAFQAw%3D%3D",40.4238986,-3.985722,centros de depilación láser en Madrid,Sí
Templa Medical | Clínica Medicina Estética en Madrid,Centro de estética,"Calle de Génova, 7, Chamberí, 28004 Madrid",919 55 01 77,templa.es,"4,7",149,Cerrado,"https://www.google.com/maps/place/Laser+Natura+Barrio+Salamanca/@40.4238986,-3.985722,11z/data=!4m11!1m3!2m2!1scentros+de+depilaci%C3%B3n+l%C3%A1ser+en+Madrid!6e1!3m6!1s0xd4228b0883b2e7d:0xf46a98784980d59c!8m2!3d40.4266131!4d-3.6713232!15sCidjZW50cm9zIGRlIGRlcGlsYWNpw7NuIGzDoXNlciBlbiBNYWRyaWRaKSInY2VudHJvcyBkZSBkZXBpbGFjacOzbiBsw6FzZXIgZW4gbWFkcmlkkgEabGFzZXJfaGFpcl9yZW1vdmFsX3NlcnZpY2WaASRDaGREU1VoTk1HOW5TMFZKUTBGblNVTlFiMUI2ZEhCUlJSQULgAQD6AQQIABA7!16s%2Fg%2F1tph30td?entry=ttu&g_ep=EgoyMDI2MDQxMi4wIKXMDSoASAFQAw%3D%3D",40.4238986,-3.985722,centros de depilación láser en Madrid,Sí
Laser Natura Barrio Salamanca,Centro de depilación láser,"C. Alcalá, 130, Salamanca, 28009 Madrid",914 01 97 68,lasernaturabarriosalamanca.com,"4,6",151,Cerrado,"https://www.google.com/maps/place/Laser+Natura+Barrio+Salamanca/@40.4238986,-3.985722,11z/data=!4m11!1m3!2m2!1scentros+de+depilaci%C3%B3n+l%C3%A1ser+en+Madrid!6e1!3m6!1s0xd4228b0883b2e7d:0xf46a98784980d59c!8m2!3d40.4266131!4d-3.6713232!15sCidjZW50cm9zIGRlIGRlcGlsYWNpw7NuIGzDoXNlciBlbiBNYWRyaWRaKSInY2VudHJvcyBkZSBkZXBpbGFjacOzbiBsw6FzZXIgZW4gbWFkcmlkkgEabGFzZXJfaGFpcl9yZW1vdmFsX3NlcnZpY2WaASRDaGREU1VoTk1HOW5TMFZKUTBGblNVTlFiMUI2ZEhCUlJSQULgAQD6AQQIABA7!16s%2Fg%2F1tph30td?entry=ttu&g_ep=EgoyMDI2MDQxMi4wIKXMDSoASAFQAw%3D%3D",40.4238986,-3.985722,centros de depilación láser en Madrid,Sí
Medivet Hospital Veterinario 24 horas Animales Exóticos Los Sauces Chamberí,Hospital veterinario,"Calle de Sta Engracia, 63, Chamberí, 28010 Madrid",914 45 43 05,medivetgroup.com,"4,3",976,Abierto 24 horas,"https://www.google.com/maps/place/Medivet+Hospital+Veterinario+24+horas+Animales+Ex%C3%B3ticos+Los+Sauces+Chamber%C3%AD/@40.434051,-3.7706607,13z/data=!4m10!1m2!2m1!1scl%C3%ADnicas+veterinarias+urbanas!3m6!1s0xd4228f4a53a7dd3:0x9a1541dc54ac99d7!8m2!3d40.434051!4d-3.6985629!15sCh5jbMOtbmljYXMgdmV0ZXJpbmFyaWFzIHVyYmFuYXNaICIeY2zDrW5pY2FzIHZldGVyaW5hcmlhcyB1cmJhbmFzkgEPYW5pbWFsX2hvc3BpdGFsmgFEQ2k5RFFVbFJRVU52WkVOb2RIbGpSamx2VDI1YWNHVlhWbkpUV0c4MVZtMTRlVmRYVms1T1dFSXpVVzFPVEZFell4QULgAQD6AQQIaxA_!16s%2Fg%2F1tfzyt1m?entry=ttu&g_ep=EgoyMDI2MDQxMi4wIKXMDSoASAFQAw%3D%3D",40.434051,-3.7706607,clínicas veterinarias urbanas,Sí
Medivet Hospital Veterinario 24 horas Animales Exóticos Los Sauces Chamberí,Hospital veterinario,"Calle de Sta Engracia, 63, Chamberí, 28010 Madrid",914 45 43 05,medivetgroup.com,"4,3",976,Abierto 24 horas,"https://www.google.com/maps/place/Medivet+Hospital+Veterinario+24+horas+Animales+Ex%C3%B3ticos+Los+Sauces+Chamber%C3%AD/@40.434051,-3.7706607,13z/data=!4m10!1m2!2m1!1scl%C3%ADnicas+veterinarias+urbanas!3m6!1s0xd4228f4a53a7dd3:0x9a1541dc54ac99d7!8m2!3d40.434051!4d-3.6985629!15sCh5jbMOtbmljYXMgdmV0ZXJpbmFyaWFzIHVyYmFuYXNaICIeY2zDrW5pY2FzIHZldGVyaW5hcmlhcyB1cmJhbmFzkgEPYW5pbWFsX2hvc3BpdGFsmgFEQ2k5RFFVbFJRVU52WkVOb2RIbGpSamx2VDI1YWNHVlhWbkpUV0c4MVZtMTRlVmRYVms1T1dFSXpVVzFPVEZFell4QULgAQD6AQQIaxA_!16s%2Fg%2F1tfzyt1m?entry=ttu&g_ep=EgoyMDI2MDQxMi4wIKXMDSoASAFQAw%3D%3D",40.434051,-3.7706607,clínicas veterinarias urbanas,Sí
Urgencias Veterinarias Reina Cristina,Servicio de urgencias veterinarias,"Paseo de la R. Cristina, 11, Retiro, 28014 Madrid",915 01 96 63,urgenciasveterinariasmadrid.com,"4,5",1746,Abierto 24 horas,"https://www.google.com/maps/place/Urgencias+Veterinarias+Reina+Cristina/@40.434051,-3.7706607,13z/data=!4m10!1m2!2m1!1scl%C3%ADnicas+veterinarias+urbanas!3m6!1s0xd4226189fc389cd:0x612a50a981f4c503!8m2!3d40.4070657!4d-3.6824934!15sCh5jbMOtbmljYXMgdmV0ZXJpbmFyaWFzIHVyYmFuYXNaICIeY2zDrW5pY2FzIHZldGVyaW5hcmlhcyB1cmJhbmFzkgEeZW1lcmdlbmN5X3ZldGVyaW5hcmlhbl9zZXJ2aWNlmgEjQ2haRFNVaE5NRzluUzBWSlEwRm5TVVJmZUhOdFVreDNFQUXgAQD6AQUI_wIQRg!16s%2Fg%2F1tgct5md?entry=ttu&g_ep=EgoyMDI2MDQxMi4wIKXMDSoASAFQAw%3D%3D",40.434051,-3.7706607,clínicas veterinarias urbanas,Sí
Urgencias Veterinarias Reina Cristina,Servicio de urgencias veterinarias,"Paseo de la R. Cristina, 11, Retiro, 28014 Madrid",915 01 96 63,urgenciasveterinariasmadrid.com,"4,5",1746,Abierto 24 horas,"https://www.google.com/maps/place/Urgencias+Veterinarias+Reina+Cristina/@40.434051,-3.7706607,13z/data=!4m10!1m2!2m1!1scl%C3%ADnicas+veterinarias+urbanas!3m6!1s0xd4226189fc389cd:0x612a50a981f4c503!8m2!3d40.4070657!4d-3.6824934!15sCh5jbMOtbmljYXMgdmV0ZXJpbmFyaWFzIHVyYmFuYXNaICIeY2zDrW5pY2FzIHZldGVyaW5hcmlhcyB1cmJhbmFzkgEeZW1lcmdlbmN5X3ZldGVyaW5hcmlhbl9zZXJ2aWNlmgEjQ2haRFNVaE5NRzluUzBWSlEwRm5TVVJmZUhOdFVreDNFQUXgAQD6AQUI_wIQRg!16s%2Fg%2F1tgct5md?entry=ttu&g_ep=EgoyMDI2MDQxMi4wIKXMDSoASAFQAw%3D%3D",40.434051,-3.7706607,clínicas veterinarias urbanas,Sí
Urgencias Veterinarias Reina Cristina,Servicio de urgencias veterinarias,"Paseo de la R. Cristina, 11, Retiro, 28014 Madrid",915 01 96 63,urgenciasveterinariasmadrid.com,"4,5",1746,Abierto 24 horas,"https://www.google.com/maps/place/Urgencias+Veterinarias+Reina+Cristina/@40.434051,-3.7706607,13z/data=!4m10!1m2!2m1!1scl%C3%ADnicas+veterinarias+urbanas!3m6!1s0xd4226189fc389cd:0x612a50a981f4c503!8m2!3d40.4070657!4d-3.6824934!15sCh5jbMOtbmljYXMgdmV0ZXJpbmFyaWFzIHVyYmFuYXNaICIeY2zDrW5pY2FzIHZldGVyaW5hcmlhcyB1cmJhbmFzkgEeZW1lcmdlbmN5X3ZldGVyaW5hcmlhbl9zZXJ2aWNlmgEjQ2haRFNVaE5NRzluUzBWSlEwRm5TVVJmZUhOdFVreDNFQUXgAQD6AQUI_wIQRg!16s%2Fg%2F1tgct5md?entry=ttu&g_ep=EgoyMDI2MDQxMi4wIKXMDSoASAFQAw%3D%3D",40.434051,-3.7706607,clínicas veterinarias urbanas,Sí
Urgencias Veterinarias Reina Cristina,Servicio de urgencias veterinarias,"Paseo de la R. Cristina, 11, Retiro, 28014 Madrid",915 01 96 63,urgenciasveterinariasmadrid.com,"4,5",1746,Abierto 24 horas,"https://www.google.com/maps/place/Hospital+Veterinario+Mediterr%C3%A1neo/@40.434051,-3.7706607,13z/data=!4m10!1m2!2m1!1scl%C3%ADnicas+veterinarias+urbanas!3m6!1s0xd42261bbdd57a23:0xd98ff8bc9497d6eb!8m2!3d40.4073131!4d-3.6764532!15sCh5jbMOtbmljYXMgdmV0ZXJpbmFyaWFzIHVyYmFuYXNaICIeY2zDrW5pY2FzIHZldGVyaW5hcmlhcyB1cmJhbmFzkgEPYW5pbWFsX2hvc3BpdGFsmgEkQ2hkRFNVaE5NRzluUzBWSlEwRm5UVVJKTWxwaVJubG5SUkFC4AEA-gEFCJwCEEU!16s%2Fg%2F1tmxgvvt?entry=ttu&g_ep=EgoyMDI2MDQxMi4wIKXMDSoASAFQAw%3D%3D",40.434051,-3.7706607,clínicas veterinarias urbanas,Sí
Urgencias Veterinarias Reina Cristina,Servicio de urgencias veterinarias,"Paseo de la R. Cristina, 11, Retiro, 28014 Madrid",915 01 96 63,urgenciasveterinariasmadrid.com,"4,5",1746,Abierto 24 horas,"https://www.google.com/maps/place/Hospital+Veterinario+Mediterr%C3%A1neo/@40.434051,-3.7706607,13z/data=!4m10!1m2!2m1!1scl%C3%ADnicas+veterinarias+urbanas!3m6!1s0xd42261bbdd57a23:0xd98ff8bc9497d6eb!8m2!3d40.4073131!4d-3.6764532!15sCh5jbMOtbmljYXMgdmV0ZXJpbmFyaWFzIHVyYmFuYXNaICIeY2zDrW5pY2FzIHZldGVyaW5hcmlhcyB1cmJhbmFzkgEPYW5pbWFsX2hvc3BpdGFsmgEkQ2hkRFNVaE5NRzluUzBWSlEwRm5UVVJKTWxwaVJubG5SUkFC4AEA-gEFCJwCEEU!16s%2Fg%2F1tmxgvvt?entry=ttu&g_ep=EgoyMDI2MDQxMi4wIKXMDSoASAFQAw%3D%3D",40.434051,-3.7706607,clínicas veterinarias urbanas,Sí
Centro Veterinario General Arrando,Veterinario,"Calle del General Arrando, 9, Chamberí, 28010 Madrid",914 48 41 74,,"4,7",116,Cerrado,"https://www.google.com/maps/place/Centro+Veterinario+General+Arrando/@40.434051,-3.7706607,13z/data=!4m10!1m2!2m1!1scl%C3%ADnicas+veterinarias+urbanas!3m6!1s0xd42288ceebf1755:0xa94e8c594e2a5876!8m2!3d40.4317874!4d-3.6959801!15sCh5jbMOtbmljYXMgdmV0ZXJpbmFyaWFzIHVyYmFuYXNaICIeY2zDrW5pY2FzIHZldGVyaW5hcmlhcyB1cmJhbmFzkgEMdmV0ZXJpbmFyaWFumgEkQ2hkRFNVaE5NRzluUzBWSlEwRm5TVVJsTFV4eWRuUjNSUkFC4AEA-gEECAAQNQ!16s%2Fg%2F11xkr7nl_?entry=ttu&g_ep=EgoyMDI2MDQxMi4wIKXMDSoASAFQAw%3D%3D",40.434051,-3.7706607,clínicas veterinarias urbanas,No
Clínica Veterinaria Unzeta,Veterinario,"C. de Ferraz, 28, Moncloa - Aravaca, 28008 Madrid",917 58 83 93,cvunzeta.com,"3,9",128,Cerrado,"https://www.google.com/maps/place/Cl%C3%ADnica+Veterinaria+Unzeta/@40.434051,-3.7706607,13z/data=!3m1!5s0xd4228af1ab46bc7:0x13919ff303c0d583!4m10!1m2!2m1!1scl%C3%ADnicas+veterinarias+urbanas!3m6!1s0xd42286e583d948d:0x6d2bc12b7265bc73!8m2!3d40.4254281!4d-3.7163964!15sCh5jbMOtbmljYXMgdmV0ZXJpbmFyaWFzIHVyYmFuYXNaICIeY2zDrW5pY2FzIHZldGVyaW5hcmlhcyB1cmJhbmFzkgEMdmV0ZXJpbmFyaWFumgEkQ2hkRFNVaE5NRzluUzBWSlEwRm5TVU51TnpkZmJGOTNSUkFC4AEA-gEECAAQPA!16s%2Fg%2F1wf39xyg?entry=ttu&g_ep=EgoyMDI2MDQxMi4wIKXMDSoASAFQAw%3D%3D",40.434051,-3.7706607,clínicas veterinarias urbanas,Sí
Hospital Veterinario Parque de Berlín,Hospital veterinario,"Av. de Ramón y Cajal, 7, Chamartín, 28016 Madrid",911 13 87 26,hospitalveterinariopb.com,"4,2",759,Abierto 24 horas,"https://www.google.com/maps/place/Hospital+Veterinario+Parque+de+Berl%C3%ADn/@40.434051,-3.7706607,13z/data=!3m1!5s0xd4228d920164a2f:0x8b93121092d4d831!4m10!1m2!2m1!1scl%C3%ADnicas+veterinarias+urbanas!3m6!1s0xd4228d8dfea3d99:0x773a79a83aedf964!8m2!3d40.4519679!4d-3.6763307!15sCh5jbMOtbmljYXMgdmV0ZXJpbmFyaWFzIHVyYmFuYXNaICIeY2zDrW5pY2FzIHZldGVyaW5hcmlhcyB1cmJhbmFzkgEPYW5pbWFsX2hvc3BpdGFsmgEkQ2hkRFNVaE5NRzluUzBWSlEwRm5TVVI0T0RkeVJ6aEJSUkFC4AEA-gEFCIsCED0!16s%2Fg%2F11c1xg9ccr?entry=ttu&g_ep=EgoyMDI2MDQxMi4wIKXMDSoASAFQAw%3D%3D",40.434051,-3.7706607,clínicas veterinarias urbanas,Sí
Clínica Veterinaria Guzmán el Bueno (Grupo Peñagrande),Veterinario,"C. de Guzmán el Bueno, 58, Chamberí, 28015 Madrid",910 33 92 60,clinicasveterinariaspg.es,"4,3",275,Cerrado,"https://www.google.com/maps/place/Cl%C3%ADnica+Veterinaria+Guzm%C3%A1n+el+Bueno+(Grupo+Pe%C3%B1agrande)/@40.434051,-3.7706607,13z/data=!4m10!1m2!2m1!1scl%C3%ADnicas+veterinarias+urbanas!3m6!1s0xd42285ccbc99731:0xb771e9b599040c96!8m2!3d40.4364678!4d-3.7128867!15sCh5jbMOtbmljYXMgdmV0ZXJpbmFyaWFzIHVyYmFuYXNaICIeY2zDrW5pY2FzIHZldGVyaW5hcmlhcyB1cmJhbmFzkgEMdmV0ZXJpbmFyaWFumgFEQ2k5RFFVbFJRVU52WkVOb2RIbGpSamx2VDJwb1NGa3lWbmhUUms0d1V6Rk9kMWRIUm01aU1EQjRaRVpHY0UxRlJSQULgAQD6AQQIORA2!16s%2Fg%2F11cjsfwscq?entry=ttu&g_ep=EgoyMDI2MDQxMi4wIKXMDSoASAFQAw%3D%3D",40.434051,-3.7706607,clínicas veterinarias urbanas,Sí
Clínica Veterinaria Alonso Cano,Veterinario,"C. de Alonso Cano, 27, Chamberí, 28010 Madrid",914 47 37 60,alonsocanovet.com,"4,8",188,Cerrado,"https://www.google.com/maps/place/Cl%C3%ADnica+Veterinaria+Alonso+Cano/@40.434051,-3.7706607,13z/data=!4m10!1m2!2m1!1scl%C3%ADnicas+veterinarias+urbanas!3m6!1s0xd4228f409985803:0xeca475b48d16e553!8m2!3d40.4375698!4d-3.6980245!15sCh5jbMOtbmljYXMgdmV0ZXJpbmFyaWFzIHVyYmFuYXNaICIeY2zDrW5pY2FzIHZldGVyaW5hcmlhcyB1cmJhbmFzkgEMdmV0ZXJpbmFyaWFumgEjQ2haRFNVaE5NRzluUzBWSlEwRm5TVU10TFhOWVdHTm5FQUXgAQD6AQUI6QEQSg!16s%2Fg%2F1vn__7zq?entry=ttu&g_ep=EgoyMDI2MDQxMi4wIKXMDSoASAFQAw%3D%3D",40.434051,-3.7706607,clínicas veterinarias urbanas,Sí
Centro Veterinario Espronceda,Veterinario,"C. de Espronceda, 14, Chamberí, 28003 Madrid",913 95 29 81,veterinariosespronceda.es,"4,9",154,Cerrado,"https://www.google.com/maps/place/Centro+Veterinario+Espronceda/@40.434051,-3.7706607,13z/data=!4m10!1m2!2m1!1scl%C3%ADnicas+veterinarias+urbanas!3m6!1s0xd42299e416558bd:0xd8a3ab53f79cd3d8!8m2!3d40.4404249!4d-3.6980739!15sCh5jbMOtbmljYXMgdmV0ZXJpbmFyaWFzIHVyYmFuYXNaICIeY2zDrW5pY2FzIHZldGVyaW5hcmlhcyB1cmJhbmFzkgEMdmV0ZXJpbmFyaWFumgEkQ2hkRFNVaE5NRzluUzBWSlEwRm5TVU55YzA5cGMxOW5SUkFC4AEA-gEECAAQSA!16s%2Fg%2F11kl6cx1d6?entry=ttu&g_ep=EgoyMDI2MDQxMi4wIKXMDSoASAFQAw%3D%3D",40.434051,-3.7706607,clínicas veterinarias urbanas,Sí
Hospital Clínico Veterinario Complutense,Hospital veterinario,"Av. Puerta de Hierro, s/n, Moncloa - Aravaca, 28040 Madrid",913 94 37 55,ucm.es,"4,5",1671,Abierto 24 horas,"https://www.google.com/maps/place/Hospital+Cl%C3%ADnico+Veterinario+Complutense/@40.4492757,-3.8126672,13z/data=!3m1!5s0xd42282bae377365:0x10e861a609938756!4m10!1m2!2m1!1scl%C3%ADnicas+veterinarias+urbanas!3m6!1s0xd42282b06a17dfb:0x281798f1331e4db9!8m2!3d40.4492757!4d-3.7405694!15sCh5jbMOtbmljYXMgdmV0ZXJpbmFyaWFzIHVyYmFuYXNaICIeY2zDrW5pY2FzIHZldGVyaW5hcmlhcyB1cmJhbmFzkgEPYW5pbWFsX2hvc3BpdGFsmgEjQ2haRFNVaE5NRzluUzBWSlEwRm5TVVJxTlUxUFRFdDNFQUXgAQD6AQQIABBI!16s%2Fg%2F11b70cnwq5?entry=ttu&g_ep=EgoyMDI2MDQxMi4wIKXMDSoASAFQAw%3D%3D",40.4492757,-3.8126672,clínicas veterinarias urbanas,Sí
Hospital Clínico Veterinario Complutense,Hospital veterinario,"Av. Puerta de Hierro, s/n, Moncloa - Aravaca, 28040 Madrid",913 94 37 55,ucm.es,"4,5",1671,Abierto 24 horas,"https://www.google.com/maps/place/Hospital+Cl%C3%ADnico+Veterinario+Complutense/@40.4492757,-3.8126672,13z/data=!3m1!5s0xd42282bae377365:0x10e861a609938756!4m10!1m2!2m1!1scl%C3%ADnicas+veterinarias+urbanas!3m6!1s0xd42282b06a17dfb:0x281798f1331e4db9!8m2!3d40.4492757!4d-3.7405694!15sCh5jbMOtbmljYXMgdmV0ZXJpbmFyaWFzIHVyYmFuYXNaICIeY2zDrW5pY2FzIHZldGVyaW5hcmlhcyB1cmJhbmFzkgEPYW5pbWFsX2hvc3BpdGFsmgEjQ2haRFNVaE5NRzluUzBWSlEwRm5TVVJxTlUxUFRFdDNFQUXgAQD6AQQIABBI!16s%2Fg%2F11b70cnwq5?entry=ttu&g_ep=EgoyMDI2MDQxMi4wIKXMDSoASAFQAw%3D%3D",40.4492757,-3.8126672,clínicas veterinarias urbanas,Sí
Hospital Veterinario Azca,Hospital veterinario,"Torre Castellana, Av. del General Perón, 32, local, Tetuán, 28020 Madrid",911 03 46 46,hospitalveterinarioazca.es,"4,5",149,Cerrado,"https://www.google.com/maps/place/Hospital+Veterinario+Azca/@40.4492757,-3.8126672,13z/data=!3m1!5s0xd4228fd9ac3669b:0x3845ae99c2e00714!4m10!1m2!2m1!1scl%C3%ADnicas+veterinarias+urbanas!3m6!1s0xd42297390440a4d:0xd5e77601d60f5ad!8m2!3d40.451915!4d-3.694299!15sCh5jbMOtbmljYXMgdmV0ZXJpbmFyaWFzIHVyYmFuYXNaICIeY2zDrW5pY2FzIHZldGVyaW5hcmlhcyB1cmJhbmFzkgEPYW5pbWFsX2hvc3BpdGFsmgEjQ2haRFNVaE5NRzluUzBWSlEwRm5TVU40TFZBMlEweDNFQUXgAQD6AQUIsQIQSg!16s%2Fg%2F11ts01jkhy?entry=ttu&g_ep=EgoyMDI2MDQxMi4wIKXMDSoASAFQAw%3D%3D",40.4492757,-3.8126672,clínicas veterinarias urbanas,Sí
Hospital Veterinario Azca,Hospital veterinario,"Torre Castellana, Av. del General Perón, 32, local, Tetuán, 28020 Madrid",911 03 46 46,hospitalveterinarioazca.es,"4,5",149,Cerrado,"https://www.google.com/maps/place/Hospital+Veterinario+Azca/@40.451915,-3.7663968,13z/data=!3m1!5s0xd4228fd9ac3669b:0x3845ae99c2e00714!4m10!1m2!2m1!1scl%C3%ADnicas+veterinarias+urbanas!3m6!1s0xd42297390440a4d:0xd5e77601d60f5ad!8m2!3d40.451915!4d-3.694299!15sCh5jbMOtbmljYXMgdmV0ZXJpbmFyaWFzIHVyYmFuYXNaICIeY2zDrW5pY2FzIHZldGVyaW5hcmlhcyB1cmJhbmFzkgEPYW5pbWFsX2hvc3BpdGFsmgEjQ2haRFNVaE5NRzluUzBWSlEwRm5TVU40TFZBMlEweDNFQUXgAQD6AQUIsQIQSg!16s%2Fg%2F11ts01jkhy?entry=ttu&g_ep=EgoyMDI2MDQxMi4wIKXMDSoASAFQAw%3D%3D",40.451915,-3.7663968,clínicas veterinarias urbanas,Sí
Hospital Veterinario Azca,Hospital veterinario,"Torre Castellana, Av. del General Perón, 32, local, Tetuán, 28020 Madrid",911 03 46 46,hospitalveterinarioazca.es,"4,5",149,Cerrado,"https://www.google.com/maps/place/Cl%C3%ADnica+Veterinaria+Santa+%C3%9Arsula/@40.451915,-3.7663968,13z/data=!3m1!5s0xd4228fd9ac3669b:0x3845ae99c2e00714!4m10!1m2!2m1!1scl%C3%ADnicas+veterinarias+urbanas!3m6!1s0xd422809d2036147:0x2d192692ec8f7b12!8m2!3d40.4126156!4d-3.7305222!15sCh5jbMOtbmljYXMgdmV0ZXJpbmFyaWFzIHVyYmFuYXNaICIeY2zDrW5pY2FzIHZldGVyaW5hcmlhcyB1cmJhbmFzkgEPYW5pbWFsX2hvc3BpdGFsmgEkQ2hkRFNVaE5NRzluUzBWSlEwRm5TVVJLTlRkbVFYaG5SUkFC4AEA-gEFCP4BEEI!16s%2Fg%2F1tdcc32c?entry=ttu&g_ep=EgoyMDI2MDQxMi4wIKXMDSoASAFQAw%3D%3D",40.451915,-3.7663968,clínicas veterinarias urbanas,Sí
Clínica Veterinaria Numancia II,Veterinario,"C. de Seco, 5, Retiro, 28007 Madrid",915 51 19 37,,"4,5",87,Cerrado,"https://www.google.com/maps/place/Cl%C3%ADnica+Veterinaria+Numancia+II/@40.4126156,-3.80262,13z/data=!4m10!1m2!2m1!1scl%C3%ADnicas+veterinarias+urbanas!3m6!1s0xd42260dffbc707f:0xc5a6a1ef0fcc5fec!8m2!3d40.3985084!4d-3.6722412!15sCh5jbMOtbmljYXMgdmV0ZXJpbmFyaWFzIHVyYmFuYXNaICIeY2zDrW5pY2FzIHZldGVyaW5hcmlhcyB1cmJhbmFzkgEMdmV0ZXJpbmFyaWFumgFEQ2k5RFFVbFJRVU52WkVOb2RIbGpSamx2VDJwQ2VsZFZPVXRTVlhCT1ZHczVhazVXYkRSWmFURjFUV3BqTTJWSVl4QULgAQD6AQQIABBB!16s%2Fg%2F11btx5n_84?entry=ttu&g_ep=EgoyMDI2MDQxMi4wIKXMDSoASAFQAw%3D%3D",40.4126156,-3.80262,clínicas veterinarias urbanas,No
Clínica Veterinaria Caservet Ríos Rosas (Anterior DON CAN),Veterinario,"C. de Cristóbal Bordiú, 27, Chamberí, 28003 Madrid",917 67 01 46,caservet.es,"4,7",101,Cerrado,"https://www.google.com/maps/place/Cl%C3%ADnica+Veterinaria+Caservet+R%C3%ADos+Rosas+(Anterior+DON+CAN)/@40.4126156,-3.80262,13z/data=!3m1!5s0xd4228f763e61509:0xdc57b32ac3d14977!4m10!1m2!2m1!1scl%C3%ADnicas+veterinarias+urbanas!3m6!1s0xd4229a44c333c65:0x7e58ec9ded824f73!8m2!3d40.4432675!4d-3.6994317!15sCh5jbMOtbmljYXMgdmV0ZXJpbmFyaWFzIHVyYmFuYXNaICIeY2zDrW5pY2FzIHZldGVyaW5hcmlhcyB1cmJhbmFzkgEMdmV0ZXJpbmFyaWFumgEjQ2haRFNVaE5NRzluUzBWSlEwRm5TVVJXWHpkUFkxaFJFQUXgAQD6AQUIrwEQQA!16s%2Fg%2F11p14xhtr0?entry=ttu&g_ep=EgoyMDI2MDQxMi4wIKXMDSoASAFQAw%3D%3D",40.4126156,-3.80262,clínicas veterinarias urbanas,Sí
